766/14,194,6/15/2020
766/14,195,6/16/2020
766/14,48,6/23/2020
766/14,176,6/25/2020
766/14,168,6/29/2020
766/14,172,7/6/2020
766/14,172,7/6/2020
766/14,176,7/7/2020
766/14,166,7/13/2020
766/14,159,7/17/2020
766/14,175,7/23/2020
766/14,177,8/4/2020
766/14,191,8/12/2020
766/14,184,8/14/2020
766/14,180,8/18/2020
766/14,203,9/17/2020
766/14,189,9/29/2020
766/14,213,10/15/2020
766/14,186,11/12/2020
766/14,247,12/10/2020
766/18,89,9/21/2020
766/19,588,2/12/2020
766/19,402,2/26/2020
766/19,505,5/18/2020
766/19,638,8/21/2020
766/19,542,11/12/2020
766/20,130,7/13/2020
766/20,75,9/29/2020
766/20,79,10/27/2020
766/20,78,12/22/2020
766/20,340,12/30/2020
767/15,121,1/8/2020
767/15,118,2/5/2020
767/18,384,2/11/2020
767/18,383,3/10/2020
767/18,409,6/30/2020
767/19,70,8/4/2020
767/19,68,11/12/2020
767/19,147,12/30/2020
767/20,81,7/13/2020
767/20,639,9/9/2020
767/20,942,10/5/2020
767/20,917,10/9/2020
767/20,952,11/2/2020
767/20,766,12/10/2020
768/11,135,2/23/2020
768/11,125,8/9/2020
768/11,117,10/4/2020
768/11,120,11/1/2020
768/11,115,12/27/2020
768/17,455,5/13/2020
768/18,103,1/30/2020
768/18,115,6/18/2020
768/20,58,9/9/2020
769/11,389,1/6/2020
769/11,368,8/24/2020
769/11,352,11/16/2020
769/17,98,7/2/2020
769/17,98,7/30/2020
769/17,91,8/27/2020
769/17,103,9/24/2020
769/19,143,2/19/2020
769/19,475,6/17/2020
769/19,388,9/9/2020
769/20,145,9/9/2020
769/20,264,11/5/2020
77/07,41,5/18/2020
77/07,55,11/4/2020
77/14,911,1/14/2020
77/14,487,1/29/2020
77/14,637,2/6/2020
77/14,637,2/6/2020
77/14,743,9/3/2020
77/14,575,10/12/2020
77/20,87,1/13/2020
770/13,47,1/9/2020
770/13,47,9/17/2020
770/18,91,6/9/2020
770/18,93,8/4/2020
770/18,96,8/31/2020
770/18,76,11/24/2020
770/19,891,2/3/2020
770/19,154,9/3/2020
770/20,87,11/5/2020
771/07,101,6/1/2020
771/07,87,6/15/2020
771/07,73,7/13/2020
771/07,57,8/10/2020
771/07,70,10/18/2020
771/07,94,11/16/2020
771/07,72,12/14/2020
771/13,227,6/8/2020
771/13,198,8/31/2020
771/13,206,10/26/2020
771/19,85,1/31/2020
771/19,88,8/10/2020
771/20,1019,9/17/2020
771/20,1154,10/5/2020
771/20,813,11/2/2020
771/20,882,11/12/2020
771/20,1081,12/8/2020
771/20,1110,1/4/2021
772/14,87,1/9/2020
772/14,88,6/25/2020
772/14,88,9/17/2020
772/18,309,1/22/2020
772/18,333,8/12/2020
772/19,131,3/12/2020
772/19,137,3/16/2020
772/19,142,3/19/2020
772/19,114,3/23/2020
772/19,114,3/26/2020
772/19,112,3/30/2020
772/19,107,4/2/2020
772/19,105,4/6/2020
772/19,105,4/6/2020
772/19,106,4/16/2020
772/19,104,4/20/2020
772/19,108,4/27/2020
772/19,126,5/5/2020
772/19,112,5/13/2020
772/19,116,5/19/2020
772/19,120,5/27/2020
772/19,114,6/2/2020
772/19,93,9/24/2020
772/19,111,11/10/2020
772/19,97,11/24/2020
772/20,132,10/6/2020
772/20,132,10/6/2020
773/20,121,7/13/2020
773/20,122,7/13/2020
773/20,151,11/4/2020
774/17,867,2/4/2020
774/17,876,3/3/2020
774/17,927,6/2/2020
774/17,801,7/3/2020
774/17,577,7/8/2020
774/17,899,8/7/2020
774/17,811,9/4/2020
774/17,781,1/5/2021
774/19,189,10/12/2020
774/20,78,9/9/2020
775/16,63,9/8/2020
775/17,83,1/14/2020
775/17,87,6/2/2020
775/17,65,7/21/2020
775/18,63,1/7/2020
775/18,60,7/21/2020
775/20,130,7/14/2020
775/20,238,12/30/2020
776/12,130,7/7/2020
776/14,1189,1/6/2020
776/14,399,2/24/2020
776/14,1270,7/20/2020
776/14,504,7/21/2020
776/14,1023,8/10/2020
776/14,1279,8/30/2020
776/14,1347,9/3/2020
776/14,1547,10/20/2020
776/14,775,10/22/2020
776/14,1220,11/9/2020
776/14,527,12/16/2020
776/15,56,7/22/2020
776/18,500,1/10/2020
776/18,552,2/3/2020
776/18,495,3/2/2020
776/18,593,5/4/2020
776/18,547,6/1/2020
776/18,527,7/2/2020
776/18,520,8/6/2020
776/18,520,8/6/2020
776/18,536,9/3/2020
776/18,587,10/5/2020
776/18,593,11/2/2020
776/18,550,12/7/2020
776/18,553,1/4/2021
776/19,1143,5/20/2020
777/15,109,8/9/2020
778/03,398,3/5/2020
778/03,459,7/23/2020
778/03,561,8/25/2020
778/03,501,9/24/2020
778/03,245,9/24/2020
778/12,182,1/23/2020
778/15,112,8/31/2020
778/15,107,9/28/2020
778/17,602,2/5/2020
778/17,657,3/1/2020
778/17,1044,6/19/2020
778/17,873,9/8/2020
778/17,750,10/7/2020
778/18,100,7/10/2020
778/19,818,1/27/2020
778/19,697,8/13/2020
778/19,848,9/4/2020
778/19,906,11/5/2020
778/19,829,12/9/2020
778/19,309,1/1/2021
778/19,193,1/4/2021
778/20,167,7/14/2020
778/20,143,9/10/2020
779/17,928,11/3/2020
779/17,962,12/8/2020
779/18,48,6/23/2020
779/18,63,7/21/2020
779/18,58,8/18/2020
779/19,818,1/6/2020
779/19,596,2/4/2020
779/19,626,9/10/2020
78/11,141,3/10/2020
78/11,152,8/25/2020
78/11,141,10/20/2020
78/16,933,1/29/2020
78/16,813,7/17/2020
78/17,143,7/28/2020
78/17,146,8/25/2020
78/17,171,9/22/2020
78/18,740,1/24/2020
78/18,755,2/17/2020
78/18,720,3/18/2020
78/18,822,6/10/2020
78/18,832,7/8/2020
78/18,924,9/2/2020
78/18,792,11/24/2020
78/19,218,10/27/2020
78/20,154,1/13/2020
78/20,156,1/13/2020
78/20,685,6/9/2020
78/20,545,7/7/2020
780/15,362,1/13/2020
780/15,430,6/8/2020
780/15,376,7/27/2020
780/15,393,8/24/2020
780/15,383,10/19/2020
780/15,362,12/14/2020
780/16,822,3/11/2020
780/17,226,6/11/2020
780/18,155,2/11/2020
780/18,490,4/17/2020
780/18,583,6/20/2020
780/18,556,6/20/2020
780/18,884,8/4/2020
780/18,666,9/17/2020
780/18,282,10/5/2020
780/19,928,2/11/2020
780/19,145,5/28/2020
780/19,142,6/1/2020
780/19,148,6/4/2020
780/19,165,6/8/2020
780/19,170,6/15/2020
780/19,141,6/22/2020
780/19,128,6/25/2020
780/19,148,7/3/2020
780/19,117,7/28/2020
780/19,127,8/4/2020
780/19,111,8/13/2020
780/19,138,9/15/2020
780/19,169,10/13/2020
780/19,173,11/10/2020
780/19,158,12/8/2020
780/19,165,1/5/2021
780/20,201,7/14/2020
780/20,258,8/19/2020
780/20,919,10/20/2020
780/20,825,12/1/2020
781/07,77,6/15/2020
781/07,65,12/28/2020
781/12,106,9/9/2020
781/15,704,7/3/2020
781/18,696,1/8/2020
781/18,722,2/6/2020
781/18,722,2/6/2020
781/18,825,3/13/2020
781/18,717,7/30/2020
781/18,760,8/27/2020
781/18,740,9/25/2020
781/18,748,10/22/2020
781/19,323,10/8/2020
781/19,185,10/13/2020
781/19,169,10/16/2020
781/19,167,10/19/2020
781/19,25,10/23/2020
781/19,145,10/23/2020
781/19,158,10/26/2020
781/19,150,10/29/2020
781/19,156,11/2/2020
781/19,130,11/9/2020
781/19,129,11/24/2020
781/19,145,12/2/2020
781/19,149,12/10/2020
781/19,138,12/15/2020
781/20,108,7/14/2020
781/20,169,9/11/2020
782/18,163,1/28/2020
782/18,173,2/25/2020
782/18,148,3/31/2020
782/18,171,5/5/2020
782/18,171,6/2/2020
782/18,176,8/4/2020
782/18,172,8/11/2020
782/18,161,8/31/2020
782/18,152,9/29/2020
782/18,152,10/27/2020
782/18,162,12/1/2020
782/18,162,1/5/2021
782/19,289,3/2/2020
782/19,249,6/8/2020
783/01,291,1/9/2020
783/01,282,3/5/2020
783/19,776,1/9/2020
783/19,471,2/7/2020
783/19,612,3/4/2020
783/19,291,3/18/2020
783/19,786,5/6/2020
783/19,786,5/6/2020
783/20,303,7/14/2020
783/20,585,9/23/2020
783/20,105,11/10/2020
783/20,81,11/13/2020
783/20,98,11/16/2020
783/20,114,11/23/2020
783/20,106,11/24/2020
783/20,94,11/27/2020
783/20,96,11/27/2020
783/20,105,11/30/2020
783/20,113,12/4/2020
783/20,105,12/8/2020
783/20,105,12/11/2020
783/20,118,12/14/2020
783/20,118,12/16/2020
783/20,114,12/18/2020
783/20,114,12/21/2020
783/20,123,12/24/2020
783/20,133,12/28/2020
784/10,67,3/1/2020
784/16,113,8/18/2020
784/18,549,2/3/2020
784/18,559,3/2/2020
784/18,678,8/17/2020
784/19,87,1/27/2020
784/19,90,3/19/2020
784/20,1139,9/21/2020
784/20,384,10/5/2020
785/12,111,8/18/2020
785/12,104,9/15/2020
785/12,114,10/13/2020
785/20,941,9/28/2020
785/20,1240,10/7/2020
785/20,1178,11/4/2020
785/20,965,12/9/2020
786/16,786,2/14/2020
786/17,741,1/9/2020
786/17,554,2/6/2020
786/17,554,2/6/2020
786/17,537,3/17/2020
786/17,82,6/10/2020
786/17,79,6/10/2020
786/17,893,8/17/2020
786/20,87,9/14/2020
787/14,269,8/25/2020
787/14,197,9/3/2020
787/17,724,10/16/2020
787/17,672,11/9/2020
787/18,157,8/27/2020
787/20,82,9/14/2020
787/20,119,1/4/2021
788/12,106,2/3/2020
788/18,49,1/28/2020
788/19,68,1/21/2020
788/19,58,7/21/2020
788/19,56,8/18/2020
788/19,71,9/15/2020
788/19,55,11/10/2020
788/20,1596,11/6/2020
788/20,1596,11/6/2020
788/20,1004,12/4/2020
789/18,156,10/26/2020
789/19,450,1/7/2020
789/19,421,1/13/2020
789/19,76,2/5/2020
789/19,619,2/17/2020
789/19,453,2/18/2020
789/19,521,12/16/2020
79/19,115,1/12/2020
79/19,106,9/21/2020
79/20,72,1/21/2020
790/18,370,1/28/2020
790/19,383,1/21/2020
790/19,648,6/9/2020
790/19,656,6/16/2020
790/20,90,7/15/2020
791/07,154,6/25/2020
791/07,140,9/17/2020
791/15,89,8/4/2020
791/15,90,8/31/2020
791/15,92,10/27/2020
791/18,628,2/6/2020
791/18,628,2/6/2020
791/18,104,3/12/2020
791/18,113,3/13/2020
791/18,665,5/19/2020
791/18,632,7/1/2020
791/18,724,8/2/2020
791/18,461,8/10/2020
791/18,568,10/5/2020
791/18,721,11/2/2020
791/18,742,12/7/2020
791/18,722,1/4/2021
791/19,468,1/9/2020
791/20,78,7/15/2020
791/20,196,9/16/2020
791/20,202,10/14/2020
791/20,236,11/8/2020
792/12,267,6/3/2020
792/12,256,7/1/2020
792/12,213,7/29/2020
792/12,225,10/21/2020
792/15,194,3/1/2020
792/15,143,3/19/2020
792/15,115,6/25/2020
792/15,161,9/17/2020
792/15,189,11/12/2020
792/16,109,7/9/2020
792/18,448,12/14/2020
792/20,289,7/15/2020
792/20,393,9/16/2020
792/20,362,10/14/2020
792/20,453,11/11/2020
793/06,625,5/21/2020
793/06,628,5/21/2020
793/06,585,7/21/2020
793/06,890,8/4/2020
793/06,569,8/10/2020
793/06,792,9/7/2020
793/06,470,11/2/2020
793/06,611,12/21/2020
793/06,830,1/4/2021
793/08,145,6/8/2020
793/08,140,8/31/2020
793/08,139,12/21/2020
793/10,73,2/27/2020
793/16,129,6/11/2020
793/16,103,9/3/2020
793/16,216,10/19/2020
793/16,109,10/25/2020
793/17,1019,2/5/2020
793/20,247,10/9/2020
794/14,873,1/6/2020
794/14,806,2/4/2020
794/14,834,8/13/2020
794/14,1125,9/2/2020
794/14,1141,10/2/2020
794/15,312,2/11/2020
794/15,325,3/10/2020
794/15,326,9/22/2020
794/15,293,10/20/2020
794/16,440,1/23/2020
794/16,122,2/13/2020
794/16,613,5/19/2020
794/16,526,9/5/2020
794/16,711,10/4/2020
794/16,600,10/5/2020
794/16,682,11/2/2020
794/16,776,12/7/2020
794/16,823,1/4/2021
794/19,427,8/12/2020
794/19,434,9/16/2020
794/20,644,9/23/2020
794/20,446,9/30/2020
794/20,478,10/28/2020
795/12,139,2/27/2020
795/12,136,7/2/2020
795/12,181,7/30/2020
795/12,142,8/27/2020
795/12,130,11/19/2020
795/16,112,1/16/2020
795/16,123,6/4/2020
795/16,127,7/30/2020
795/16,112,9/24/2020
795/17,590,2/3/2020
795/17,640,8/13/2020
795/17,648,9/4/2020
795/17,843,10/21/2020
795/17,764,12/9/2020
795/18,404,1/29/2020
795/18,421,2/26/2020
795/18,473,5/27/2020
795/18,480,11/21/2020
795/19,924,7/3/2020
795/19,1152,8/7/2020
795/19,1140,12/8/2020
795/19,1122,1/5/2021
795/20,73,6/23/2020
795/20,302,7/15/2020
795/20,242,10/14/2020
795/20,263,11/11/2020
795/20,340,12/16/2020
795/60,1177,9/4/2020
796/11,502,3/10/2020
796/11,809,5/6/2020
796/11,809,5/6/2020
796/11,914,5/12/2020
796/11,948,5/27/2020
796/11,1037,5/28/2020
796/11,856,10/13/2020
796/11,695,11/10/2020
796/17,85,7/16/2020
796/17,87,8/13/2020
796/17,84,9/10/2020
796/17,79,10/8/2020
796/17,87,12/31/2020
796/20,446,11/12/2020
796/20,346,11/24/2020
796/20,405,1/1/2021
797/10,68,8/20/2020
797/10,65,9/17/2020
797/19,951,2/7/2020
797/19,1016,7/9/2020
797/19,1303,8/20/2020
797/19,894,11/10/2020
798/01,68,2/18/2020
798/01,63,6/9/2020
798/01,62,9/8/2020
798/07,69,1/21/2020
798/18,85,1/6/2020
798/18,338,6/24/2020
798/18,327,7/22/2020
798/18,334,8/19/2020
798/18,327,9/16/2020
798/18,324,10/14/2020
798/20,99,9/17/2020
799/10,167,2/24/2020
799/10,415,3/3/2020
799/10,460,3/5/2020
799/10,475,4/24/2020
799/10,680,12/30/2020
799/16,612,10/4/2020
799/18,104,1/30/2020
799/18,408,2/21/2020
799/18,537,6/1/2020
799/18,251,10/5/2020
799/18,742,1/5/2021
799/19,482,9/6/2020
799/19,482,9/6/2020
80/14,75,9/25/2020
80/16,68,3/31/2020
80/16,79,6/21/2020
80/16,77,7/21/2020
80/16,82,9/15/2020
80/16,79,10/13/2020
80/16,69,1/5/2021
80/19,871,10/23/2020
80/20,366,2/18/2020
80/20,805,3/4/2020
800/02,202,7/7/2020
800/02,180,7/21/2020
800/02,173,11/24/2020
800/10,99,1/23/2020
800/10,118,7/9/2020
800/10,115,11/26/2020
800/17,787,6/1/2020
800/17,440,7/13/2020
800/17,503,8/27/2020
800/17,578,9/5/2020
800/17,500,10/3/2020
800/18,115,3/24/2020
800/18,113,6/16/2020
800/18,97,8/11/2020
800/18,101,9/8/2020
800/20,594,12/27/2020
801/01,171,1/7/2020
801/01,162,9/25/2020
801/1,162,7/21/2020
801/19,472,1/6/2020
801/19,999,6/3/2020
801/19,597,7/10/2020
801/19,569,8/15/2020
801/19,788,9/3/2020
801/19,918,10/4/2020
80118/,43,6/22/2020
802/06,54,7/29/2020
802/06,44,8/26/2020
802/10,135,7/15/2020
802/16,417,5/14/2020
802/17,674,3/10/2020
802/17,625,7/28/2020
802/17,949,8/6/2020
802/17,949,8/6/2020
802/17,724,8/10/2020
802/17,956,9/17/2020
802/17,1075,10/7/2020
802/17,1024,11/2/2020
802/17,871,1/4/2021
802/18,209,2/20/2020
802/19,819,1/9/2020
802/19,1192,6/2/2020
802/20,92,7/15/2020
802/20,766,9/30/2020
802/20,561,11/4/2020
802/20,437,11/16/2020
802/20,649,11/20/2020
803/08,80,2/9/2020
803/08,83,7/26/2020
803/14,687,11/27/2020
803/18,553,2/5/2020
803/18,532,6/10/2020
803/18,695,8/14/2020
803/18,647,8/21/2020
803/18,628,9/18/2020
803/18,656,11/25/2020
803/19,623,1/8/2020
803/19,571,2/19/2020
803/19,726,3/18/2020
803/19,685,8/7/2020
803/19,644,10/28/2020
803/20,137,9/17/2020
803/20,106,10/27/2020
804/11,248,1/28/2020
804/11,303,6/16/2020
804/11,358,9/8/2020
804/13,113,1/9/2020
804/13,117,5/28/2020
804/19,798,1/27/2020
804/19,658,6/26/2020
804/19,656,7/17/2020
804/19,850,8/14/2020
804/19,769,10/9/2020
804/20,71,8/5/2020
805/17,635,1/6/2020
805/17,759,5/29/2020
805/17,636,6/12/2020
805/17,456,8/13/2020
805/17,796,9/10/2020
805/17,400,11/4/2020
805/17,682,11/5/2020
805/17,780,12/9/2020
805/18,182,3/6/2020
805/18,182,3/6/2020
805/18,702,7/22/2020
805/18,642,8/11/2020
805/18,875,9/15/2020
805/18,902,1/4/2021
805/2,140,7/16/2020
805/20,114,7/16/2020
806/02,336,1/15/2020
806/02,318,7/27/2020
806/02,325,9/21/2020
806/11,170,1/13/2020
806/11,184,6/1/2020
806/11,184,6/29/2020
806/11,181,7/27/2020
806/11,189,9/21/2020
806/11,180,12/14/2020
806/17,482,1/29/2020
806/17,510,7/29/2020
806/18,55,2/12/2020
806/20,53,7/16/2020
807/12,98,2/16/2020
807/12,103,3/15/2020
807/12,114,6/7/2020
807/12,113,7/5/2020
807/12,97,7/13/2020
807/12,106,8/2/2020
807/12,117,8/31/2020
807/12,101,9/27/2020
807/12,112,11/22/2020
807/12,114,12/20/2020
807/14,134,9/8/2020
807/15,56,1/21/2020
807/16,101,3/31/2020
807/16,121,5/28/2020
807/16,102,6/25/2020
807/16,120,8/20/2020
807/16,110,9/17/2020
807/16,102,10/15/2020
807/16,95,11/12/2020
807/17,767,6/1/2020
807/19,1242,1/9/2020
807/19,1127,2/4/2020
807/19,104,2/19/2020
807/19,846,6/1/2020
807/19,143,7/21/2020
807/19,133,7/24/2020
807/19,123,7/27/2020
807/19,124,7/31/2020
807/19,142,8/4/2020
807/19,138,8/6/2020
807/19,138,8/6/2020
807/19,116,8/10/2020
807/19,123,8/14/2020
807/19,140,8/28/2020
807/19,134,8/31/2020
807/19,140,9/4/2020
807/19,149,9/22/2020
807/19,113,10/6/2020
807/19,113,10/6/2020
807/19,119,10/13/2020
807/19,114,11/5/2020
807/19,110,12/3/2020
807/19,105,12/31/2020
808/02,161,8/20/2020
808/03,56,2/18/2020
808/05,77,1/21/2020
808/18,297,12/14/2020
808/19,533,1/8/2020
808/19,515,1/8/2020
808/19,490,2/3/2020
808/19,641,3/11/2020
809/15,1132,1/4/2021
809/16,1035,2/3/2020
809/16,1151,7/1/2020
809/16,1367,8/8/2020
809/16,956,9/5/2020
809/16,1227,11/4/2020
809/16,949,12/9/2020
809/18,170,6/10/2020
809/18,129,9/30/2020
809/19,953,3/2/2020
809/19,1113,5/5/2020
809/19,1315,7/7/2020
809/19,1272,8/6/2020
809/19,1272,8/6/2020
809/19,1158,9/3/2020
809/19,1068,10/5/2020
809/19,1158,11/2/2020
809/20,99,7/17/2020
809/67,1031,10/7/2020
81/16,72,6/30/2020
81/17,97,8/10/2020
81/18,73,1/12/2020
81/18,75,2/9/2020
81/18,75,3/8/2020
81/18,78,6/2/2020
81/18,82,6/28/2020
81/18,89,9/11/2020
81/18,68,9/20/2020
81/20,96,1/13/2020
81/20,406,2/18/2020
81/20,461,7/30/2020
81/20,773,10/9/2020
81/20,772,11/11/2020
810/12,328,1/24/2020
810/17,371,2/19/2020
810/17,366,6/3/2020
810/17,394,7/15/2020
810/17,418,8/14/2020
810/17,429,8/26/2020
810/17,392,10/21/2020
810/17,378,11/18/2020
810/20,327,10/2/2020
810/20,676,10/2/2020
810/20,1248,11/9/2020
811/10,223,11/16/2020
811/18,923,2/4/2020
811/18,121,2/18/2020
811/18,907,3/3/2020
811/18,951,5/6/2020
811/18,951,5/6/2020
811/18,826,7/3/2020
811/18,949,8/7/2020
811/18,752,11/3/2020
811/18,859,12/8/2020
811/18,764,1/5/2021
811/19,182,7/28/2020
811/20,261,7/17/2020
811/20,422,9/24/2020
811/20,1064,11/2/2020
811/20,77,11/29/2020
811/20,1244,12/1/2020
811/26,956,9/4/2020
812/16,550,1/10/2020
812/16,934,7/16/2020
812/16,823,8/2/2020
812/20,109,7/17/2020
813/08,440,2/5/2020
813/08,735,7/1/2020
813/08,640,9/3/2020
813/08,623,10/5/2020
813/08,572,11/13/2020
813/15,607,1/28/2020
813/15,435,3/2/2020
813/15,679,6/4/2020
813/15,608,7/17/2020
813/15,503,7/28/2020
813/15,403,8/8/2020
813/15,368,8/8/2020
813/15,356,10/10/2020
813/15,430,11/4/2020
813/19,52,1/21/2020
813/20,256,7/17/2020
814/20,193,7/17/2020
815/01,368,1/6/2020
815/01,310,2/3/2020
815/01,305,3/2/2020
815/01,344,6/22/2020
815/01,331,9/14/2020
815/01,352,1/4/2021
815/17,487,6/17/2020
815/17,447,7/15/2020
815/17,457,9/9/2020
815/18,209,6/24/2020
815/18,199,7/22/2020
815/18,217,9/16/2020
815/20,66,8/16/2020
815/2001,372,10/12/2020
816/16,167,8/20/2020
816/19,96,1/7/2020
816/19,187,6/23/2020
816/20,60,7/31/2020
816/20,64,10/5/2020
817/08,500,1/14/2020
817/08,404,2/12/2020
817/12,460,1/22/2020
817/13,68,7/16/2020
817/13,67,9/10/2020
817/13,67,10/8/2020
817/13,61,12/31/2020
817/16,91,7/14/2020
817/16,110,8/11/2020
817/19,144,2/17/2020
817/20,137,7/20/2020
817/20,486,9/23/2020
817/20,482,10/28/2020
817/20,274,11/13/2020
817/20,497,11/18/2020
817/20,701,12/23/2020
818/13,121,1/20/2020
818/13,141,7/6/2020
818/13,141,7/6/2020
818/13,148,8/31/2020
818/13,147,9/28/2020
818/18,1408,1/8/2020
818/18,1343,3/4/2020
818/18,1174,6/15/2020
818/18,974,7/13/2020
818/18,970,9/7/2020
818/18,912,10/5/2020
818/20,966,1/24/2020
818/20,572,7/20/2020
818/20,62,9/23/2020
8184/20,742,1/13/2020
819/04,43,7/14/2020
819/04,53,9/8/2020
819/04,46,11/3/2020
819/10,891,1/14/2020
819/10,1134,7/17/2020
819/10,1156,8/5/2020
819/18,195,10/25/2020
819/18,181,12/24/2020
819/20,71,7/20/2020
819/20,338,10/11/2020
82/14,625,8/21/2020
82/15,94,10/9/2020
82/18,321,6/17/2020
82/18,294,7/15/2020
82/18,311,8/12/2020
82/18,299,9/9/2020
82/19,108,7/17/2020
82/19,115,9/11/2020
82/20,490,12/10/2020
82/20,558,1/1/2021
820/14,87,3/1/2020
820/14,71,8/16/2020
820/14,78,9/13/2020
820/14,71,10/11/2020
820/14,80,1/3/2021
820/16,1010,1/13/2020
820/16,982,2/10/2020
820/16,1078,3/6/2020
820/16,1078,3/6/2020
820/16,1083,8/5/2020
820/16,1089,9/2/2020
820/16,971,9/30/2020
820/16,1996,9/30/2020
820/16,865,9/30/2020
820/20,66,7/20/2020
820/20,313,9/23/2020
821/14,193,3/16/2020
821/15,659,2/5/2020
821/15,725,3/4/2020
821/15,736,7/27/2020
821/15,737,8/24/2020
821/15,702,9/21/2020
821/19,436,2/25/2020
821/19,962,9/15/2020
821/19,746,11/6/2020
821/19,746,11/6/2020
821/20,68,7/20/2020
822/03,94,4/24/2020
822/03,80,7/17/2020
822/03,74,12/11/2020
822/14,664,1/6/2020
822/14,768,2/17/2020
822/14,760,3/6/2020
822/14,760,3/6/2020
822/14,695,4/18/2020
822/14,714,4/20/2020
822/14,669,7/24/2020
822/14,225,9/3/2020
822/14,85,9/3/2020
822/14,686,9/3/2020
822/14,706,9/18/2020
"822/14,",583,9/3/2020
822/19,677,1/17/2020
822/19,95,2/26/2020
822/19,676,3/11/2020
822/19,748,7/29/2020
822/19,785,9/2/2020
822/19,375,9/16/2020
822/19,591,10/7/2020
822/19,651,11/4/2020
822/19,680,12/9/2020
822/20,429,7/20/2020
822/20,1191,9/23/2020
822/20,1170,10/7/2020
822/3,79,2/28/2020
823/12,106,10/29/2020
823/15,131,6/3/2020
823/15,156,7/20/2020
823/15,138,8/26/2020
823/15,127,11/17/2020
823/18,82,7/25/2020
823/19,179,3/12/2020
823/19,192,6/18/2020
823/19,157,12/17/2020
823/20,176,7/20/2020
823/20,153,8/19/2020
824/00,74,7/20/2020
824/18,443,2/12/2020
824/19,641,2/21/2020
824/19,229,3/12/2020
824/19,1110,6/18/2020
825/10,392,1/6/2020
825/19,595,3/20/2020
825/19,532,3/24/2020
825/19,441,5/16/2020
825/19,735,8/4/2020
825/19,401,8/14/2020
825/19,202,9/18/2020
825/19,709,11/4/2020
825/19,548,11/5/2020
825/19,664,12/31/2020
825/19,641,1/4/2021
825/20,65,7/20/2020
825/20,564,11/18/2020
826/155,899,9/4/2020
826/17,85,11/6/2020
826/17,85,11/6/2020
826/18,189,1/21/2020
826/19,407,3/12/2020
826/19,993,8/7/2020
826/19,102,10/6/2020
826/19,102,10/6/2020
826/19,101,10/9/2020
826/19,92,10/13/2020
826/19,81,10/16/2020
826/19,89,10/19/2020
826/19,85,10/23/2020
826/19,87,10/23/2020
826/19,95,10/27/2020
826/19,98,11/2/2020
826/19,95,11/10/2020
826/19,94,11/13/2020
826/19,100,11/16/2020
826/19,102,11/24/2020
826/19,107,12/2/2020
826/19,102,12/9/2020
826/19,109,12/16/2020
826/19,120,12/24/2020
826/19,128,12/31/2020
826/20,222,7/20/2020
826/20,148,10/22/2020
826/20,159,11/19/2020
826/20,157,12/17/2020
827/04,684,7/16/2020
827/12,580,8/4/2020
827/12,541,9/4/2020
827/12,563,9/29/2020
827/12,120,10/25/2020
827/12,62,10/25/2020
827/12,519,10/27/2020
827/12,518,11/10/2020
827/12,606,11/24/2020
827/12,405,12/22/2020
827/13,119,7/21/2020
827/18,212,1/9/2020
827/18,179,2/6/2020
827/18,179,2/6/2020
827/19,858,1/8/2020
827/19,124,7/7/2020
827/19,1323,11/6/2020
827/19,1323,11/6/2020
82747/20,98,6/15/2020
828/13,625,2/20/2020
828/13,800,6/9/2020
828/13,614,7/9/2020
828/13,61,7/9/2020
828/18,512,1/8/2020
828/18,445,2/5/2020
828/18,454,3/4/2020
828/18,487,5/27/2020
828/18,530,10/14/2020
828/19,683,6/2/2020
828/19,825,7/2/2020
828/19,1039,10/2/2020
828/19,954,11/19/2020
828/20,330,7/20/2020
828/20,935,10/7/2020
828/20,622,10/22/2020
828/20,612,11/2/2020
829/12,136,5/26/2020
829/12,109,6/23/2020
829/12,112,7/21/2020
829/12,119,8/18/2020
829/12,111,10/13/2020
829/15,681,3/11/2020
829/15,690,7/1/2020
829/15,884,9/23/2020
829/17,171,7/6/2020
829/17,171,7/6/2020
829/17,163,8/31/2020
829/17,140,11/23/2020
829/18,131,6/9/2020
829/20,72,9/24/2020
83/00,63,7/21/2020
83/00,58,9/15/2020
83/14,92,7/30/2020
83/14,90,11/19/2020
83/14,83,12/17/2020
83/16,218,2/25/2020
83/16,205,9/6/2020
83/16,205,9/6/2020
83/17,51,11/3/2020
83/20,421,1/22/2020
830/11,78,1/23/2020
830/12,83,7/28/2020
830/12,114,8/25/2020
830/12,139,9/22/2020
830/12,93,10/20/2020
830/12,103,11/17/2020
830/14,76,2/2/2020
830/15,148,6/29/2020
830/15,138,8/18/2020
830/17,1258,5/7/2020
830/17,959,5/24/2020
830/17,106,7/6/2020
830/17,106,7/6/2020
830/17,101,7/9/2020
830/17,98,7/13/2020
830/17,129,7/17/2020
830/17,130,7/20/2020
830/17,132,7/23/2020
830/17,124,7/30/2020
830/17,123,8/4/2020
830/17,122,8/7/2020
830/17,130,8/10/2020
830/17,124,8/14/2020
830/17,125,8/26/2020
830/17,128,9/2/2020
830/17,132,9/9/2020
830/17,135,9/11/2020
830/17,126,9/15/2020
830/17,134,9/24/2020
830/17,138,10/8/2020
830/17,137,11/19/2020
830/17,144,12/17/2020
830/19,173,3/13/2020
830/19,152,3/16/2020
830/19,165,3/19/2020
830/19,131,3/26/2020
830/19,140,4/1/2020
830/19,116,4/8/2020
830/19,123,4/15/2020
830/19,120,4/23/2020
830/19,124,5/12/2020
830/19,131,5/20/2020
830/19,127,5/21/2020
830/19,119,5/26/2020
830/19,134,6/9/2020
830/19,150,6/18/2020
830/19,143,7/30/2020
830/19,131,8/26/2020
830/19,126,9/22/2020
830/19,116,10/20/2020
830/19,108,11/17/2020
830/20,73,7/20/2020
831/12,92,1/30/2020
831/12,91,3/12/2020
831/12,97,7/2/2020
831/16,588,1/13/2020
831/16,562,1/28/2020
831/16,663,8/11/2020
831/16,604,9/8/2020
831/16,578,10/6/2020
831/16,578,10/6/2020
831/16,625,11/1/2020
831/16,669,11/29/2020
831/19,57,1/20/2020
831/20,118,7/20/2020
832/17,138,6/4/2020
832/17,123,7/2/2020
832/17,111,7/30/2020
832/17,117,8/27/2020
832/17,140,9/24/2020
832/17,127,11/15/2020
832/17,130,12/17/2020
832/18,256,7/16/2020
832/18,300,10/8/2020
832/18,336,12/31/2020
832/20,123,9/24/2020
832/20,487,9/24/2020
833/19,984,1/6/2020
833/19,967,2/17/2020
833/19,759,3/13/2020
833/19,634,6/1/2020
833/20,50,10/15/2020
833/20,45,11/12/2020
834/17,315,1/9/2020
834/17,283,3/5/2020
834/17,344,7/26/2020
834/17,289,12/10/2020
834/20,359,10/7/2020
834/20,460,12/2/2020
835/09,149,9/17/2020
835/14,65,1/30/2020
835/19,612,1/20/2020
835/19,853,2/17/2020
835/19,630,3/5/2020
835/19,740,4/17/2020
835/19,1100,8/12/2020
835/19,865,10/7/2020
835/19,831,11/6/2020
835/19,831,11/6/2020
836/02,462,5/26/2020
836/02,453,6/19/2020
836/02,389,8/4/2020
836/02,408,11/10/2020
836/02,478,12/8/2020
836/09,593,9/3/2020
836/10,698,11/3/2020
836/10,829,1/5/2021
836/16,580,2/4/2020
836/16,631,3/3/2020
836/16,645,5/4/2020
836/16,691,6/1/2020
836/16,398,7/2/2020
836/16,659,8/6/2020
836/16,659,8/6/2020
836/16,434,10/5/2020
836/16,661,11/2/2020
836/16,621,12/7/2020
836/16,590,1/4/2021
836/17,115,3/12/2020
836/19,157,7/6/2020
836/19,157,7/6/2020
836/19,912,8/31/2020
836/19,1054,9/28/2020
836/20,847,11/5/2020
836/20,841,12/8/2020
837/16,1289,2/14/2020
837/16,1274,2/15/2020
837/16,1333,3/16/2020
837/16,1383,7/31/2020
837/16,1424,8/27/2020
837/16,1266,10/5/2020
837/16,1207,11/2/2020
837/19,471,1/22/2020
837/19,489,2/19/2020
837/20,455,11/19/2020
837/20,418,12/17/2020
838/16,240,9/28/2020
838/16,223,11/23/2020
838/18,93,9/1/2020
838/19,249,1/8/2020
838/20,653,11/5/2020
838/20,617,11/19/2020
838/20,632,12/31/2020
839/16,161,2/27/2020
839/18,112,1/7/2020
839/19,116,4/29/2020
839/20,680,9/28/2020
8394/11,397,1/13/2020
84/06,133,6/17/2020
84/06,126,7/23/2020
84/06,129,9/17/2020
84/17,827,1/28/2020
84/19,144,8/7/2020
84/19,109,8/21/2020
84/20,137,1/13/2020
84/20,872,1/22/2020
84/20,675,6/10/2020
84/20,829,8/5/2020
84/20,31,9/4/2020
84/20,481,10/3/2020
84/20,477,10/4/2020
84/20,421,10/7/2020
84/20,574,11/21/2020
840/14,46,10/5/2020
840/19,422,1/22/2020
840/19,399,7/8/2020
840/19,434,9/30/2020
840/20,470,9/23/2020
840/20,437,9/28/2020
840/20,421,10/21/2020
840/20,495,10/26/2020
840/20,453,11/10/2020
840/20,429,11/11/2020
840/20,561,12/16/2020
840/20,417,12/23/2020
841/05,152,12/28/2020
841/06,414,1/9/2020
841/06,345,3/5/2020
841/06,319,6/25/2020
841/06,386,8/20/2020
841/14,197,2/25/2020
841/20,98,9/28/2020
841/5,165,8/11/2020
842/11,77,7/30/2020
842/16,317,1/14/2020
842/16,269,6/2/2020
842/16,278,7/28/2020
842/16,276,9/22/2020
842/19,208,7/22/2020
842/20,1760,10/19/2020
843/20,274,7/23/2020
843/20,546,10/7/2020
843/20,592,11/4/2020
843/20,157,11/12/2020
844/04,146,9/10/2020
844/04,127,10/8/2020
844/18,123,6/9/2020
844/18,120,7/7/2020
844/20,134,7/23/2020
844/20,138,10/15/2020
844/20,454,10/26/2020
844/20,590,11/6/2020
844/20,590,11/6/2020
844/20,600,11/10/2020
844/20,742,1/4/2021
845/17,590,2/5/2020
845/17,564,3/4/2020
845/17,696,6/4/2020
845/17,651,7/1/2020
845/17,717,8/8/2020
845/17,657,10/7/2020
845/17,668,11/5/2020
845/17,684,12/9/2020
845/18,812,2/5/2020
845/18,995,3/4/2020
845/18,1035,5/6/2020
845/18,1035,5/6/2020
845/18,1042,7/1/2020
845/18,1106,8/8/2020
845/18,1040,10/7/2020
845/18,1044,11/4/2020
845/18,995,12/9/2020
845/19,669,1/22/2020
845/19,746,2/6/2020
845/19,746,2/6/2020
845/19,1060,3/12/2020
845/23,470,9/5/2020
845/36,1033,9/5/2020
846/11,473,3/12/2020
846/11,427,7/16/2020
846/11,434,8/13/2020
846/11,549,10/8/2020
846/14,92,4/21/2020
846/14,92,6/18/2020
846/14,84,7/14/2020
846/14,85,9/10/2020
846/14,88,10/8/2020
846/14,89,11/5/2020
846/18,79,1/31/2020
846/18,116,2/7/2020
846/18,93,2/14/2020
846/18,104,2/28/2020
846/18,123,3/18/2020
846/18,101,3/24/2020
846/18,101,4/2/2020
846/18,105,4/16/2020
846/18,126,5/28/2020
846/18,115,6/25/2020
846/18,134,8/6/2020
846/18,134,8/6/2020
846/18,118,9/17/2020
846/18,120,10/15/2020
846/18,127,11/12/2020
846/18,121,12/10/2020
846/20,240,7/23/2020
846/20,165,9/29/2020
846/20,190,10/27/2020
847/17,866,8/10/2020
847/17,811,9/7/2020
847/17,954,10/5/2020
847/17,1118,10/19/2020
847/20,89,7/23/2020
847/20,66,8/10/2020
847/20,955,11/21/2020
848/07,98,8/6/2020
848/07,98,8/6/2020
848/07,85,12/24/2020
848/16,777,2/5/2020
848/17,125,7/13/2020
848/20,260,7/23/2020
848/20,220,10/15/2020
848/20,407,10/27/2020
848/20,327,11/24/2020
849/14,74,7/16/2020
849/16,107,1/9/2020
849/16,98,2/20/2020
849/16,94,11/3/2020
849/16,100,11/22/2020
849/17,136,8/11/2020
849/17,115,9/8/2020
849/17,114,10/6/2020
849/17,114,10/6/2020
849/19,98,1/23/2020
849/19,121,9/3/2020
849/19,112,10/29/2020
849/19,112,11/26/2020
849/20,93,7/23/2020
85/15,172,2/25/2020
85/18,118,1/24/2020
85/18,80,7/13/2020
85/18,132,7/31/2020
85/19,1233,11/4/2020
85/20,59,1/13/2020
85/20,245,3/17/2020
85/20,364,8/5/2020
85/20,356,10/28/2020
85/20,178,12/14/2020
850/07,1157,5/5/2020
850/07,1253,7/3/2020
850/07,1449,8/7/2020
850/07,1293,9/4/2020
850/07,1471,11/3/2020
850/07,1479,12/8/2020
850/07,1479,1/5/2021
850/17,1294,6/2/2020
850/18,1267,11/12/2020
850/19,51,7/30/2020
850/20,208,7/24/2020
850/20,256,7/31/2020
850/20,182,8/21/2020
850/20,573,10/7/2020
850/20,220,10/23/2020
850/20,219,11/27/2020
850/2007,1037,3/2/2020
851/13,114,3/17/2020
851/13,125,8/4/2020
851/13,127,8/31/2020
851/13,116,9/29/2020
851/20,102,9/29/2020
851/20,134,10/2/2020
851/20,154,10/9/2020
851/20,151,10/16/2020
851/20,143,10/19/2020
851/20,138,10/23/2020
851/20,142,10/26/2020
851/20,141,10/29/2020
851/20,137,11/2/2020
851/20,146,11/6/2020
851/20,146,11/6/2020
851/20,146,11/10/2020
851/20,154,12/3/2020
851/20,129,12/9/2020
851/20,167,12/16/2020
851/20,149,12/22/2020
851/20,148,12/24/2020
851/20,152,1/5/2021
852/08,104,3/5/2020
852/14,83,9/3/2020
852/17,350,2/3/2020
852/18,449,2/4/2020
852/19,510,1/16/2020
853/07,74,9/10/2020
853/13,878,2/3/2020
853/13,678,3/20/2020
853/13,792,7/1/2020
853/13,888,8/7/2020
853/13,844,9/7/2020
853/13,687,10/5/2020
853/13,973,11/11/2020
853/13,1034,1/4/2021
853/15,638,2/4/2020
853/18,563,2/24/2020
853/19,722,3/3/2020
853/19,735,5/6/2020
853/19,735,5/6/2020
853/19,770,7/3/2020
853/19,892,8/7/2020
853/19,83,8/7/2020
853/19,649,9/4/2020
853/19,760,11/3/2020
853/19,271,11/4/2020
853/19,674,12/8/2020
853/19,565,1/5/2021
853/20,728,10/9/2020
853/20,711,11/3/2020
853/20,660,12/8/2020
854/18,317,1/21/2020
854/18,358,2/18/2020
854/19,447,2/17/2020
854/19,486,6/2/2020
854/19,1014,7/1/2020
854/19,366,7/10/2020
854/19,122,7/24/2020
854/19,251,8/11/2020
854/19,117,9/2/2020
854/19,922,9/7/2020
854/19,640,12/1/2020
854/20,119,7/27/2020
854/20,873,9/29/2020
8546/07,704,7/16/2020
8546/07,602,8/13/2020
8546/07,603,9/13/2020
8546/07,596,10/5/2020
8546/07,606,11/6/2020
8546/07,606,11/6/2020
855/16,126,1/7/2020
855/16,145,8/18/2020
855/16,109,9/15/2020
855/19,585,9/2/2020
855/20,94,7/27/2020
855/20,387,10/13/2020
856/18,142,5/21/2020
856/19,607,9/2/2020
856/19,172,10/2/2020
856/19,830,11/5/2020
856/19,865,11/5/2020
856/20,92,7/27/2020
857/15,115,1/22/2020
857/17,1016,1/13/2020
857/17,1161,2/17/2020
857/17,727,7/31/2020
857/17,947,10/26/2020
857/18,719,2/5/2020
857/18,798,3/4/2020
857/18,1193,5/6/2020
857/18,1193,5/6/2020
857/18,712,7/1/2020
857/18,1099,8/8/2020
857/18,879,9/9/2020
857/20,452,10/7/2020
857/20,6064,12/4/2020
858///,346,3/10/2020
858/14,85,2/11/2020
858/14,76,3/10/2020
858/14,77,6/30/2020
858/14,79,7/28/2020
858/14,70,8/25/2020
858/14,101,9/22/2020
858/18,249,2/14/2020
858/19,209,1/6/2020
858/19,259,7/29/2020
858/19,268,10/5/2020
858/20,348,10/28/2020
859/13,124,3/3/2020
859/13,106,7/13/2020
859/13,110,7/21/2020
859/13,98,9/15/2020
859/19,857,1/6/2020
859/19,463,2/24/2020
859/19,1017,5/18/2020
859/19,862,9/12/2020
859/19,821,10/3/2020
859/19,931,1/2/2021
859/20,68,7/27/2020
859/20,66,9/4/2020
859/20,432,12/23/2020
86/15,183,5/27/2020
86/15,191,9/2/2020
86/17,120,7/13/2020
86/18,75,1/30/2020
86/20,70,1/12/2020
86/20,554,1/22/2020
86/20,166,5/20/2020
860/16,191,1/16/2020
860/16,501,2/4/2020
860/20,51,7/27/2020
861/14,343,6/15/2020
861/14,345,7/13/2020
861/16,1018,7/16/2020
861/18,767,8/15/2020
861/18,789,9/7/2020
861/20,75,7/27/2020
861/20,520,10/14/2020
861/20,549,11/11/2020
862/03,96,10/29/2020
862/08,330,2/10/2020
862/08,357,8/17/2020
862/13,53,9/24/2020
862/15,206,1/21/2020
862/15,238,2/19/2020
862/16,301,6/3/2020
862/16,332,7/1/2020
862/17,51,1/20/2020
862/18,586,3/2/2020
862/18,612,3/2/2020
862/18,179,7/6/2020
862/18,179,7/6/2020
862/18,789,8/11/2020
862/18,723,10/5/2020
862/18,739,1/1/2021
862/19,639,2/24/2020
862/19,1385,12/30/2020
862/20,171,7/16/2020
862/20,520,9/30/2020
862/20,535,11/25/2020
862/20,491,12/23/2020
863/09,48,1/9/2020
863/09,49,2/6/2020
863/09,49,2/6/2020
863/09,51,9/3/2020
863/12,74,1/21/2020
863/12,85,7/7/2020
863/15,1124,1/27/2020
863/15,1177,2/26/2020
863/15,226,6/17/2020
863/15,1096,8/12/2020
863/15,910,9/9/2020
863/15,964,10/7/2020
863/15,953,11/4/2020
863/15,1063,1/4/2021
863/16,630,2/3/2020
863/16,668,3/16/2020
863/16,720,7/1/2020
863/16,838,8/8/2020
863/16,651,10/5/2020
863/16,832,11/2/2020
863/16,861,12/9/2020
863/16,724,1/4/2021
863/18,56,2/5/2020
863/19,308,1/9/2020
864/15,177,1/7/2020
864/15,177,6/23/2020
864/15,164,7/21/2020
864/15,174,9/15/2020
864/15,167,12/8/2020
864/18,118,3/11/2020
864/18,138,7/1/2020
864/18,147,7/29/2020
864/18,164,8/6/2020
864/18,164,8/6/2020
864/19,116,6/25/2020
864/20,235,10/29/2020
864/20,260,12/23/2020
865/19,542,3/10/2020
865/19,685,10/9/2020
865/20,93,7/27/2020
866/08,102,8/4/2020
866/10,160,6/30/2020
866/10,171,7/28/2020
866/10,180,8/25/2020
866/10,187,10/20/2020
866/10,147,1/5/2021
866/11,189,3/11/2020
866/11,227,7/1/2020
866/11,211,7/29/2020
866/17,249,9/23/2020
866/18,87,10/25/2020
866/19,535,2/3/2020
866/19,942,3/10/2020
866/19,1273,7/3/2020
866/19,179,12/15/2020
866/20,157,7/27/2020
867/10,114,6/9/2020
867/10,125,8/4/2020
867/10,111,8/31/2020
867/10,126,12/22/2020
867/11,154,6/25/2020
867/11,157,9/17/2020
867/18,170,2/20/2020
867/18,135,9/3/2020
867/18,135,11/26/2020
867/20,300,8/26/2020
867/20,338,10/7/2020
867/20,409,10/21/2020
868/10,94,3/10/2020
868/10,104,7/28/2020
868/10,101,8/25/2020
868/10,113,9/22/2020
868/14,110,1/30/2020
868/14,138,7/9/2020
868/14,119,8/6/2020
868/14,119,8/6/2020
868/14,108,9/3/2020
868/14,109,9/30/2020
868/14,110,10/25/2020
868/20,410,10/2/2020
868/CC,80,9/12/2020
869/08,100,6/11/2020
869/15,231,7/15/2020
869/15,244,9/9/2020
869/15,240,10/7/2020
869/18,61,1/8/2020
869/19,549,2/3/2020
869/19,571,3/2/2020
869/19,800,8/20/2020
869/20,63,6/12/2020
869/20,1345,6/29/2020
869/20,125,7/28/2020
87/05,94,12/18/2020
87/05,80,12/22/2020
87/17,375,2/5/2020
87/17,497,3/7/2020
87/17,792,6/5/2020
87/17,829,7/19/2020
87/17,555,9/2/2020
87/17,683,10/3/2020
87/17,621,11/4/2020
87/19,145,2/5/2020
87/19,170,7/14/2020
87/19,259,8/13/2020
87/19,192,9/3/2020
87/19,259,12/10/2020
87/19,162,1/5/2021
87/20,428,1/22/2020
87/20,621,3/11/2020
87/20,484,10/21/2020
870/04,175,9/27/2020
870/10,171,7/6/2020
870/10,171,7/6/2020
870/10,148,9/28/2020
870/13,448,2/16/2020
870/13,435,3/15/2020
870/13,457,7/5/2020
870/13,450,8/2/2020
870/13,449,9/27/2020
870/13,488,10/25/2020
870/13,493,12/20/2020
870/17,680,3/2/2020
870/17,716,5/4/2020
870/17,884,5/7/2020
870/17,547,7/2/2020
870/17,642,9/3/2020
870/18,1056,2/5/2020
870/18,762,3/18/2020
870/18,541,3/19/2020
870/18,772,5/27/2020
870/18,975,6/4/2020
870/18,1040,7/1/2020
870/18,954,8/8/2020
870/18,711,10/7/2020
870/18,856,11/5/2020
870/18,843,11/5/2020
870/18,891,12/9/2020
870/19,230,6/1/2020
870/20,599,10/14/2020
870/20,567,11/17/2020
870/20,560,11/17/2020
870/95,795,9/5/2020
871/10,974,1/22/2020
871/10,908,7/15/2020
871/10,618,8/18/2020
871/10,624,8/18/2020
871/10,669,9/4/2020
871/10,475,10/9/2020
871/14,885,1/17/2020
871/14,1043,2/12/2020
871/14,1544,3/4/2020
871/16,407,9/16/2020
871/17,277,2/3/2020
871/17,272,3/2/2020
871/17,309,6/22/2020
871/17,294,7/20/2020
871/17,246,1/4/2021
871/18,83,5/21/2020
871/18,91,6/18/2020
871/18,81,10/8/2020
871/19,455,1/22/2020
871/19,422,2/19/2020
871/20,745,8/31/2020
871/20,695,10/8/2020
872/04,644,6/2/2020
872/04,653,6/9/2020
872/04,455,9/3/2020
872/04,680,10/15/2020
872/04,533,11/2/2020
872/07,122,7/15/2020
872/09,84,12/2/2020
872/11,230,6/21/2020
872/11,235,7/20/2020
872/11,274,9/13/2020
872/11,256,10/11/2020
872/11,253,11/8/2020
872/11,303,1/3/2021
872/12,141,3/3/2020
872/12,115,7/21/2020
872/12,160,8/18/2020
872/12,139,10/13/2020
872/12,93,1/5/2021
872/19,88,5/20/2020
872/19,102,8/12/2020
872/19,105,9/9/2020
872/19,771,9/16/2020
872/19,79,10/7/2020
872/19,95,11/1/2020
872/19,86,12/27/2020
872/20,252,7/29/2020
872/20,94,9/1/2020
872/20,66,10/5/2020
873/08,231,1/30/2020
873/13,476,9/9/2020
873/17,155,2/11/2020
873/18,669,1/29/2020
873/18,405,5/20/2020
873/18,396,7/15/2020
873/18,347,8/12/2020
873/18,318,10/7/2020
873/18,326,11/4/2020
873/18,318,12/2/2020
873/19,445,7/22/2020
873/19,673,8/12/2020
873/19,860,11/13/2020
873/20,207,7/29/2020
873/20,233,8/21/2020
873/20,222,8/21/2020
873/20,412,10/26/2020
873/20,546,11/30/2020
874/02,185,2/5/2020
874/02,184,8/19/2020
874/02,164,9/16/2020
874/12,111,7/14/2020
874/17,381,2/6/2020
874/17,381,2/6/2020
874/17,376,2/18/2020
874/17,580,5/5/2020
874/17,113,6/8/2020
874/17,82,6/12/2020
874/17,99,6/15/2020
874/17,89,6/19/2020
874/17,88,6/26/2020
874/17,70,6/30/2020
874/17,69,7/3/2020
874/17,68,7/6/2020
874/17,68,7/6/2020
874/17,70,7/10/2020
874/17,69,7/13/2020
874/17,70,7/17/2020
874/17,64,7/21/2020
874/17,65,7/24/2020
874/17,62,7/29/2020
874/17,71,8/5/2020
874/17,71,8/12/2020
874/17,66,8/27/2020
874/17,71,9/24/2020
874/17,67,10/18/2020
874/17,71,11/15/2020
874/17,63,12/13/2020
874/18,374,3/12/2020
874/18,356,8/27/2020
874/18,301,10/22/2020
874/19,119,6/23/2020
874/19,110,6/26/2020
874/19,122,6/30/2020
874/19,123,7/3/2020
874/19,124,7/6/2020
874/19,124,7/6/2020
874/19,112,7/10/2020
874/19,110,7/13/2020
874/19,108,7/16/2020
874/19,118,7/20/2020
874/19,119,7/24/2020
874/19,115,7/27/2020
874/19,116,7/31/2020
874/19,130,8/4/2020
874/19,141,8/13/2020
874/19,125,8/27/2020
874/19,130,9/15/2020
874/19,115,9/29/2020
874/19,116,10/27/2020
874/19,115,1/4/2021
874/2,179,7/23/2020
874/20,78,7/29/2020
875/14,167,8/26/2020
875/18,312,1/13/2020
875/19,309,5/5/2020
875/20,336,11/8/2020
876/08,58,11/26/2020
876/15,671,1/12/2020
876/19,192,2/3/2020
876/19,83,3/26/2020
876/19,94,6/18/2020
876/19,190,7/20/2020
876/19,87,9/10/2020
877/11,110,6/2/2020
877/11,109,7/28/2020
877/20,98,7/29/2020
877/20,118,10/11/2020
877/20,107,10/25/2020
877/20,90,11/8/2020
877/20,88,11/18/2020
877/20,98,12/9/2020
877/20,98,1/5/2021
878/,687,11/30/2020
878/04,311,1/13/2020
878/04,349,6/1/2020
878/04,373,9/21/2020
878/04,354,11/16/2020
878/04,390,12/16/2020
878/09,153,2/18/2020
878/09,163,10/27/2020
878/09,152,12/22/2020
878/16,310,5/26/2020
878/16,434,7/21/2020
878/17,506,1/24/2020
878/17,835,6/24/2020
878/17,742,8/14/2020
878/17,687,8/19/2020
878/17,4033,9/16/2020
878/17,568,9/16/2020
878/17,648,9/16/2020
878/17,765,10/14/2020
878/17,595,11/11/2020
878/18,706,7/2/2020
878/18,319,9/9/2020
878/18,326,12/30/2020
878/19,93,3/12/2020
878/19,69,3/26/2020
878/20,659,10/23/2020
878/20,636,11/2/2020
878/20,69,12/1/2020
878/20,57,12/15/2020
878/20,97,12/26/2020
878/20,713,12/28/2020
87896ON,873,6/21/2020
87896T0,167,6/21/2020
87896T1,540,6/21/2020
87896T2,694,6/21/2020
879/02,127,6/25/2020
879/02,157,8/6/2020
879/02,157,8/6/2020
879/13,257,5/21/2020
879/16,349,3/11/2020
879/17,355,5/28/2020
879/17,354,6/25/2020
879/18,183,2/10/2020
879/18,170,3/1/2020
879/18,152,7/19/2020
879/18,352,8/17/2020
879/18,167,8/25/2020
879/18,150,1/3/2021
879/19,230,3/2/2020
879/19,256,5/6/2020
879/19,256,5/6/2020
879/19,257,8/24/2020
879/19,249,9/10/2020
879/19,242,10/8/2020
879/20,109,7/29/2020
879/20,44,11/3/2020
88/14,143,8/25/2020
88/14,125,11/17/2020
88/16,104,6/21/2020
88/16,117,8/14/2020
88/19,73,2/23/2020
88/19,443,2/24/2020
88/19,104,6/19/2020
88/19,102,7/3/2020
88/19,102,8/21/2020
88/20,500,1/22/2020
880/19,956,2/5/2020
880/19,950,5/6/2020
880/19,950,5/6/2020
880/19,933,7/1/2020
880/19,1151,8/8/2020
880/68,896,9/5/2020
881/09,37,8/26/2020
881/15,45,1/8/2020
881/15,35,3/10/2020
881/15,37,7/22/2020
881/19,90,1/15/2020
881/20,125,7/29/2020
881/20,133,7/29/2020
881/20,145,7/29/2020
882/16,677,1/10/2020
882/16,728,2/3/2020
882/16,632,3/11/2020
882/16,857,7/31/2020
882/16,911,10/12/2020
882/16,919,11/10/2020
882/19,203,2/20/2020
882/20,330,11/17/2020
883/15,124,1/9/2020
883/15,95,3/5/2020
883/15,107,6/25/2020
883/15,105,6/26/2020
883/15,94,8/20/2020
883/15,123,9/17/2020
883/15,93,10/11/2020
883/15,819,11/13/2020
883/15,91,12/6/2020
883/15,91,12/6/2020
883/16,75,6/9/2020
883/17,151,3/15/2020
883/20,219,7/29/2020
884/02,321,7/21/2020
884/02,473,11/10/2020
884/02,516,12/6/2020
884/02,516,12/6/2020
884/09,503,5/15/2020
884/14,63,2/2/2020
884/14,67,6/21/2020
884/14,85,9/13/2020
884/14,59,10/11/2020
884/14,70,11/8/2020
884/14,77,12/6/2020
884/14,77,12/6/2020
884/14,62,1/4/2021
884/17,85,6/23/2020
884/17,88,7/21/2020
884/17,106,8/18/2020
884/17,83,10/13/2020
884/18,428,5/27/2020
884/18,414,6/24/2020
884/18,473,7/22/2020
884/18,393,9/16/2020
884/18,365,10/14/2020
884/19,875,1/20/2020
884/19,118,2/3/2020
884/19,455,8/8/2020
884/19,658,9/7/2020
884/19,577,10/7/2020
884/19,559,10/12/2020
884/19,769,11/3/2020
884/19,694,12/18/2020
884/19,672,1/4/2021
885/09,70,6/3/2020
885/09,94,7/29/2020
885/13,120,6/25/2020
885/14,231,2/27/2020
885/15,56,1/22/2020
885/17,586,1/14/2020
885/17,143,1/19/2020
885/17,444,2/4/2020
885/17,593,3/18/2020
885/17,1491,6/1/2020
885/17,1216,7/9/2020
885/17,1121,8/12/2020
885/17,1029,9/5/2020
885/17,221,10/2/2020
885/17,489,11/1/2020
885/18,663,1/29/2020
885/18,947,5/20/2020
885/18,624,8/12/2020
885/18,859,9/9/2020
885/18,941,10/7/2020
885/18,1081,11/4/2020
885/19,392,5/19/2020
885/20,233,7/30/2020
885/20,324,9/2/2020
885/20,762,11/12/2020
886/17,541,3/5/2020
886/17,649,6/25/2020
886/20,227,7/30/2020
886/20,234,10/13/2020
886/20,69,10/27/2020
887/14,380,2/24/2020
887/14,626,8/26/2020
887/14,720,10/21/2020
887/14,731,11/18/2020
887/16,122,8/7/2020
887/16,119,9/30/2020
887/16,123,12/31/2020
887/17,1071,1/7/2020
887/17,871,2/3/2020
887/20,481,10/24/2020
887/20,474,11/4/2020
887/20,551,12/2/2020
887/20,503,12/14/2020
887/20,784,12/21/2020
887/20,509,12/30/2020
887/2021,130,1/3/2021
888/11,69,9/19/2020
888/15,1169,1/13/2020
888/15,1528,2/10/2020
888/15,1132,3/6/2020
888/15,1132,3/6/2020
888/15,1039,6/26/2020
888/15,903,7/24/2020
888/15,893,9/18/2020
888/15,979,10/16/2020
888/19,529,1/6/2020
888/19,486,3/2/2020
888/19,616,6/22/2020
888/19,642,7/20/2020
888/19,621,9/14/2020
889/12,102,8/4/2020
889/12,105,8/31/2020
889/12,96,9/29/2020
889/12,98,11/24/2020
889/17,106,7/7/2020
889/19,1202,12/7/2020
889/19,1170,12/7/2020
889/20,190,7/31/2020
89/11,98,7/7/2020
89/11,79,8/4/2020
89/11,82,9/29/2020
89/15,77,10/5/2020
89/16,108,2/2/2020
89/16,116,3/1/2020
89/16,123,6/21/2020
89/16,93,7/6/2020
89/16,93,7/6/2020
89/16,122,7/19/2020
89/16,91,7/27/2020
89/16,104,8/16/2020
89/16,115,9/13/2020
89/16,103,10/11/2020
89/16,110,11/8/2020
89/16,107,12/6/2020
89/16,107,12/6/2020
89/16,105,1/3/2021
89/19,98,1/17/2020
89/20,1032,2/19/2020
89/20,799,5/16/2020
89/20,839,8/20/2020
89/20,676,10/23/2020
890/15,325,1/7/2020
890/15,486,5/26/2020
890/15,480,6/3/2020
890/15,537,8/5/2020
890/15,527,12/8/2020
890/15,647,1/5/2021
890/17,1123,8/10/2020
890/19,110,1/7/2020
890/19,121,1/22/2020
890/20,641,11/18/2020
891/17,105,4/6/2020
891/17,105,4/6/2020
891/18,791,7/1/2020
891/18,742,8/8/2020
891/18,743,10/5/2020
891/18,698,11/2/2020
891/18,819,12/9/2020
891/73,731,9/5/2020
892/13,254,1/6/2020
892/13,270,3/2/2020
892/13,271,6/22/2020
892/13,276,7/20/2020
892/13,259,11/9/2020
892/13,273,12/7/2020
892/13,283,1/4/2021
892/14,152,2/11/2020
892/14,162,7/28/2020
892/16,130,9/17/2020
892/18,614,1/8/2020
892/18,579,2/2/2020
892/18,537,3/15/2020
892/18,657,5/9/2020
892/18,97,7/7/2020
892/19,422,7/1/2020
892/19,411,8/19/2020
892/19,423,10/14/2020
892/20,344,8/4/2020
892/20,424,9/16/2020
892/20,434,10/7/2020
893/05,135,1/30/2020
893/05,259,6/17/2020
893/05,238,7/16/2020
893/05,299,8/13/2020
893/05,290,10/8/2020
893/05,284,10/22/2020
893/05,305,11/5/2020
893/09,85,8/14/2020
893/19,424,4/2/2020
893/20,688,1/5/2021
894/18,137,3/10/2020
894/18,126,3/17/2020
894/19,691,2/3/2020
894/20,812,8/5/2020
894/20,644,12/3/2020
894/20,671,12/31/2020
8946/07,477,1/9/2020
895/03,196,8/23/2020
895/05,137,6/21/2020
895/08,167,1/12/2020
895/08,176,2/9/2020
895/08,185,3/8/2020
895/08,190,6/28/2020
895/08,154,7/26/2020
895/08,163,9/20/2020
895/08,171,10/18/2020
895/12,97,9/6/2020
895/12,97,9/6/2020
895/20,376,11/1/2020
895/20,386,12/1/2020
895/20,463,12/31/2020
896/20,127,8/5/2020
896/20,225,12/28/2020
897/10,125,7/16/2020
897/11,142,7/2/2020
897/11,138,7/23/2020
897/11,133,8/27/2020
897/11,134,9/24/2020
897/11,142,11/16/2020
897/11,125,12/14/2020
897/16,120,7/14/2020
897/16,151,10/6/2020
897/16,151,10/6/2020
897/17,904,9/16/2020
897/18,998,1/24/2020
897/18,829,3/13/2020
897/18,986,8/14/2020
897/18,146,10/11/2020
897/18,901,11/6/2020
897/18,901,11/6/2020
897/19,863,1/28/2020
897/19,1029,3/4/2020
897/19,955,10/14/2020
897/20,93,8/5/2020
898/12,121,1/14/2020
898/12,136,7/28/2020
898/12,147,8/27/2020
898/13,82,6/25/2020
898/13,87,7/23/2020
898/17,91,1/24/2020
898/18,353,3/10/2020
898/18,154,9/28/2020
898/20,104,8/5/2020
898/20,122,8/19/2020
898/20,80,9/2/2020
899/09,329,1/16/2020
899/09,328,7/30/2020
899/09,325,9/24/2020
899/09,332,10/21/2020
899/09,306,11/19/2020
899/16,109,6/16/2020
899/16,96,8/11/2020
899/16,87,9/8/2020
899/16,98,11/1/2020
899/17,111,8/23/2020
899/19,141,8/13/2020
899/19,1325,12/7/2020
899/20,937,8/5/2020
90/01,93,6/1/2020
90/01,81,9/28/2020
90/17,109,8/7/2020
90/20,377,1/22/2020
90/20,490,2/19/2020
90/20,497,7/8/2020
90/20,664,9/2/2020
90/20,1065,9/5/2020
90/20,807,9/30/2020
90/20,1020,12/20/2020
90/20,970,1/5/2021
900/20,127,8/5/2020
900/20,80,10/8/2020
900/20,83,11/5/2020
900/20,72,12/10/2020
901/11,105,2/5/2020
901/11,102,6/25/2020
901/11,103,9/17/2020
901/11,94,11/8/2020
901/11,113,1/3/2021
901/16,523,10/2/2020
901/16,617,11/24/2020
901/16,820,1/4/2021
901/17,222,3/1/2020
901/17,223,6/21/2020
901/17,242,8/16/2020
901/17,220,9/13/2020
901/17,219,10/11/2020
901/18,108,7/26/2020
901/18,103,8/23/2020
901/18,102,9/20/2020
901/18,96,10/18/2020
901/20,59,8/6/2020
901/20,59,8/6/2020
901/20,640,11/4/2020
901/20,708,12/2/2020
901/20,740,12/31/2020
902/16,116,1/27/2020
902/16,149,2/23/2020
902/16,145,5/19/2020
902/16,151,6/14/2020
902/16,140,8/9/2020
902/16,155,11/29/2020
902/20,289,11/5/2020
903/15,59,6/18/2020
903/15,58,7/16/2020
903/15,55,8/13/2020
903/15,61,9/10/2020
903/15,62,10/8/2020
903/15,63,12/31/2020
903/17,417,1/12/2020
903/17,326,2/9/2020
903/17,374,3/8/2020
903/17,440,6/14/2020
903/17,462,8/23/2020
903/17,533,8/23/2020
903/17,445,9/20/2020
903/17,458,10/18/2020
903/17,479,11/15/2020
903/17,445,12/13/2020
903/19,102,6/23/2020
903/19,114,10/22/2020
903/20,111,10/9/2020
905/13,211,6/30/2020
905/13,176,10/13/2020
905/15,191,7/21/2020
905/19,283,1/9/2020
905/19,268,2/6/2020
905/19,268,2/6/2020
905/19,279,3/5/2020
905/19,297,6/25/2020
905/19,255,7/23/2020
905/20,85,8/8/2020
906/10,122,2/16/2020
906/10,128,3/15/2020
906/10,140,6/7/2020
906/10,136,7/5/2020
906/10,136,10/25/2020
906/19,522,12/6/2020
906/19,522,12/6/2020
906/20,132,10/16/2020
907/14,90,9/17/2020
907/17,105,10/15/2020
907/19,156,1/9/2020
907/19,114,3/5/2020
907/19,93,6/25/2020
907/19,98,11/12/2020
907/20,426,10/14/2020
907/20,381,11/11/2020
907/20,363,12/9/2020
908/10,883,6/3/2020
908/16,712,2/5/2020
908/18,613,11/5/2020
908/18,664,12/9/2020
908/19,611,2/9/2020
908/19,725,3/4/2020
908/19,758,4/20/2020
908/19,1056,6/28/2020
908/19,1005,7/1/2020
908/19,1033,7/3/2020
908/19,1049,7/27/2020
908/19,943,7/31/2020
908/19,823,11/1/2020
908/19,949,12/27/2020
908/20,119,8/8/2020
908/20,629,10/14/2020
908/25,403,9/5/2020
909/18,419,1/27/2020
909/18,520,3/18/2020
909/18,662,6/2/2020
909/18,710,7/10/2020
909/18,406,8/10/2020
909/18,468,9/4/2020
909/18,490,10/2/2020
909/19,138,2/24/2020
909/19,122,11/13/2020
909/19,99,11/23/2020
909/19,99,11/27/2020
909/19,143,11/27/2020
909/19,95,11/30/2020
909/19,91,12/3/2020
909/19,97,12/7/2020
909/19,93,12/11/2020
909/19,108,12/14/2020
909/19,99,12/18/2020
909/19,101,12/21/2020
909/19,99,12/24/2020
909/19,106,12/28/2020
909/19,105,1/1/2021
909/19,118,1/5/2021
909/20,56,8/9/2020
909/20,326,10/14/2020
909/20,210,10/28/2020
909/20,166,12/14/2020
91/08,397,2/18/2020
91/08,370,6/9/2020
91/08,408,7/7/2020
91/08,384,10/27/2020
91/08,371,11/24/2020
91/11,97,5/5/2020
91/16,91,9/25/2020
91/17,320,1/29/2020
91/17,302,4/22/2020
91/17,284,6/17/2020
91/17,241,8/12/2020
91/17,436,10/19/2020
91/17,531,10/20/2020
91/17,425,11/5/2020
91/17,62,11/6/2020
91/17,62,11/6/2020
91/19,363,1/6/2020
91/19,749,2/24/2020
91/20,597,7/8/2020
91/8,393,9/2/2020
910/18,158,1/20/2020
910/18,229,7/27/2020
910/18,236,8/24/2020
910/18,957,9/15/2020
910/18,226,10/5/2020
910/18,248,11/2/2020
910/19,492,5/28/2020
910/20,375,8/10/2020
910/20,877,10/14/2020
910/20,771,11/11/2020
910/6,111,6/24/2020
911/15,389,3/3/2020
911/15,517,6/23/2020
911/15,533,7/21/2020
911/15,622,8/18/2020
911/15,690,10/13/2020
911/15,720,12/8/2020
911/15,918,1/5/2021
911/16,1021,3/3/2020
911/16,1123,6/27/2020
911/16,935,8/2/2020
911/16,264,8/6/2020
911/16,264,8/6/2020
911/20,227,8/10/2020
911/20,312,10/14/2020
911/20,216,10/23/2020
912/09,237,3/13/2020
912/19,163,1/16/2020
912/19,160,1/16/2020
912/19,315,4/8/2020
912/20,65,8/10/2020
912/20,624,12/7/2020
912/20,681,1/4/2021
913/05,735,1/6/2020
913/05,621,2/3/2020
913/05,743,12/6/2020
913/05,743,12/6/2020
913/17,127,1/12/2020
913/17,126,2/9/2020
913/17,129,3/8/2020
913/17,120,6/4/2020
913/17,118,6/28/2020
913/17,111,7/26/2020
913/17,110,8/23/2020
913/17,115,9/20/2020
913/17,113,10/18/2020
913/18,54,6/2/2020
913/19,71,1/21/2020
913/19,65,2/18/2020
913/19,57,5/26/2020
913/19,59,6/16/2020
913/19,54,7/7/2020
913/20,67,8/10/2020
914/10,162,7/7/2020
914/10,165,8/4/2020
914/10,157,9/29/2020
914/11,1150,2/2/2020
914/14,166,7/13/2020
914/14,209,7/13/2020
914/14,165,11/1/2020
914/16,35,1/30/2020
914/20,93,8/10/2020
914/20,98,10/29/2020
914/20,58,1/2/2021
915/06,69,6/11/2020
915/16,935,2/5/2020
915/16,986,3/4/2020
915/16,1093,5/6/2020
915/16,1093,5/6/2020
915/16,1143,7/1/2020
915/16,977,9/5/2020
915/16,1099,10/7/2020
915/16,1074,11/4/2020
915/16,1036,12/9/2020
915/19,91,8/20/2020
915/19,79,9/10/2020
915/20,122,8/10/2020
916/10,481,8/16/2020
916/15,555,1/8/2020
916/15,451,2/2/2020
916/15,511,3/1/2020
916/15,430,6/21/2020
916/15,448,7/19/2020
916/15,545,9/13/2020
916/15,570,10/11/2020
916/15,664,11/8/2020
916/15,902,1/3/2021
916/19,187,1/4/2021
916/20,75,8/10/2020
916/20,147,10/28/2020
917/16,133,4/23/2020
917/16,135,5/21/2020
917/16,126,7/16/2020
917/16,108,8/13/2020
917/16,115,9/10/2020
917/16,107,10/8/2020
917/17,99,1/16/2020
917/17,92,2/13/2020
917/17,95,6/11/2020
917/17,97,8/6/2020
917/17,97,8/6/2020
917/17,79,9/3/2020
917/17,94,10/27/2020
917/17,91,11/24/2020
917/19,695,6/25/2020
917/19,363,11/4/2020
917/20,54,8/10/2020
917/20,137,10/28/2020
918/12,181,7/21/2020
918/12,123,7/22/2020
918/12,113,7/24/2020
918/12,123,7/27/2020
918/12,129,8/11/2020
918/12,116,8/13/2020
918/12,109,9/10/2020
918/12,130,9/22/2020
918/121,116,7/30/2020
918/18,795,1/28/2020
918/20,195,8/10/2020
918/20,190,9/19/2020
918/20,444,10/22/2020
918/20,269,10/23/2020
918/20,443,11/4/2020
918/20,504,12/19/2020
918/20,363,1/2/2021
919/10,58,8/16/2020
919/10,61,9/13/2020
919/19,355,6/25/2020
919/20,237,8/10/2020
919/20,827,12/1/2020
92/09,55,1/28/2020
92/09,57,2/25/2020
92/09,50,7/14/2020
92/09,65,8/11/2020
92/17,633,11/12/2020
92/18,736,2/5/2020
92/19,665,1/9/2020
92/19,504,2/20/2020
92/19,516,3/10/2020
92/19,626,7/4/2020
92/19,627,10/7/2020
92/19,631,10/19/2020
92/19,766,11/2/2020
92/19,826,12/11/2020
92/19,229,1/5/2021
920/19,648,1/6/2020
920/19,431,2/18/2020
920/19,877,5/6/2020
920/19,877,5/6/2020
920/19,747,7/3/2020
920/19,1020,8/7/2020
920/19,856,9/4/2020
920/19,873,11/3/2020
920/19,913,12/8/2020
920/19,774,1/5/2021
920/20,353,8/10/2020
921/17,721,7/22/2020
921/17,847,8/26/2020
921/17,693,9/16/2020
921/17,731,9/21/2020
921/17,925,12/24/2020
921/18,97,5/28/2020
921/19,122,2/27/2020
921/19,116,3/12/2020
921/19,109,6/9/2020
921/19,155,7/30/2020
921/19,74,8/27/2020
921/19,83,9/24/2020
921/19,80,12/17/2020
921/20,72,8/28/2020
922/16,84,8/18/2020
922/16,66,10/13/2020
922/19,902,1/13/2020
922/19,562,2/5/2020
922/20,211,10/16/2020
923/20,87,8/10/2020
92390/20,109,7/19/2020
924/08,104,8/13/2020
924/19,374,1/9/2020
924/20,490,8/11/2020
924/20,274,10/29/2020
925/14,213,9/9/2020
925/17,563,1/9/2020
925/17,567,2/11/2020
925/20,307,8/11/2020
926/14,144,3/15/2020
926/14,118,7/5/2020
926/14,126,8/2/2020
926/14,133,8/30/2020
926/14,123,9/20/2020
926/14,119,9/29/2020
926/14,126,11/22/2020
926/16,81,2/12/2020
926/16,70,6/3/2020
926/16,70,9/23/2020
926/16,67,12/16/2020
926/17,736,6/24/2020
926/17,849,7/22/2020
926/17,799,9/16/2020
926/20,122,8/11/2020
926/20,295,11/4/2020
927/14,341,7/7/2020
927/18,153,3/19/2020
927/18,131,4/16/2020
927/18,158,8/4/2020
927/18,155,8/20/2020
927/18,145,9/3/2020
927/18,134,10/29/2020
927/18,140,12/24/2020
927/19,129,1/16/2020
927/19,113,4/6/2020
927/19,113,4/6/2020
927/19,109,9/11/2020
927/19,117,9/11/2020
927/19,126,11/6/2020
927/19,126,11/6/2020
927/20,87,8/11/2020
927/20,191,11/6/2020
927/20,191,11/6/2020
927/20,203,11/9/2020
927/20,156,11/21/2020
927/20,182,11/24/2020
927/20,168,11/30/2020
927/20,157,12/4/2020
927/20,151,12/7/2020
927/20,152,12/10/2020
927/20,149,12/14/2020
927/20,141,12/18/2020
927/20,134,12/21/2020
927/20,134,12/24/2020
927/20,144,12/30/2020
928/06,236,1/30/2020
928/07,73,10/25/2020
928/07,76,12/20/2020
928/14,183,1/8/2020
928/14,140,1/28/2020
928/14,161,2/24/2020
928/14,213,5/6/2020
928/14,213,5/6/2020
928/14,207,7/15/2020
928/14,203,10/6/2020
928/14,203,10/6/2020
928/14,619,10/7/2020
928/19,405,2/12/2020
928/19,466,7/1/2020
928/19,495,7/30/2020
928/19,457,10/19/2020
928/20,506,11/2/2020
928/20,470,11/30/2020
928/20,490,12/28/2020
928/20,84,1/1/2021
929/04,116,7/8/2020
929/13,89,8/13/2020
929/15,154,7/30/2020
929/15,750,1/4/2021
929/16,94,3/17/2020
929/16,116,6/9/2020
929/16,124,8/31/2020
929/18,624,2/3/2020
929/18,507,2/11/2020
929/19,703,3/2/2020
929/19,227,5/4/2020
929/19,926,6/1/2020
929/19,740,7/2/2020
929/19,794,8/6/2020
929/19,794,8/6/2020
929/19,781,9/3/2020
929/19,779,10/5/2020
929/19,795,11/2/2020
929/19,753,12/7/2020
93/08,65,6/29/2020
93/08,61,11/23/2020
93/11,71,3/20/2020
93/11,70,9/25/2020
93/12,79,1/7/2020
93/12,89,6/23/2020
93/12,77,12/22/2020
93/12,86,1/5/2021
93/17,369,7/29/2020
93/17,369,8/26/2020
93/17,346,11/25/2020
93/17,324,12/30/2020
93/19,760,1/8/2020
93/19,577,2/3/2020
93/19,463,3/5/2020
93/20,591,6/10/2020
93/20,61,7/2/2020
93/20,589,9/18/2020
93/20,567,10/2/2020
93/20,501,10/16/2020
930/12,410,6/8/2020
930/19,970,1/27/2020
930/19,472,2/26/2020
930/19,994,2/28/2020
930/19,916,6/10/2020
930/19,826,8/7/2020
930/19,824,9/2/2020
930/19,776,9/30/2020
931/18,166,10/19/2020
931/20,96,8/12/2020
932/18,83,1/27/2020
932/18,108,6/3/2020
932/18,100,7/2/2020
932/18,111,7/30/2020
932/18,92,8/10/2020
932/18,98,8/13/2020
932/18,102,9/24/2020
932/18,100,11/16/2020
932/18,97,12/14/2020
932/19,158,6/6/2020
932/19,158,6/6/2020
932/19,143,7/3/2020
932/19,214,8/11/2020
932/19,123,9/3/2020
932/19,135,10/4/2020
932/19,143,11/4/2020
932/19,163,1/4/2021
932/20,296,8/12/2020
933/03,448,1/8/2020
933/03,359,2/25/2020
933/03,355,3/30/2020
933/03,368,5/4/2020
933/03,488,6/30/2020
933/03,398,7/7/2020
933/03,407,8/6/2020
933/03,407,8/6/2020
933/03,423,8/21/2020
933/03,364,9/3/2020
933/03,409,9/18/2020
933/03,398,10/13/2020
933/03,368,11/7/2020
933/03,387,12/9/2020
933/03,405,12/9/2020
933/19,70,1/31/2020
933/19,75,2/25/2020
933/19,74,3/15/2020
933/19,73,4/28/2020
933/19,73,7/24/2020
933/19,82,11/16/2020
933/19,65,11/17/2020
934/07,226,1/30/2020
934/07,277,7/16/2020
934/07,263,8/13/2020
934/07,253,9/10/2020
934/07,240,10/8/2020
934/07,234,12/3/2020
934/14,139,10/15/2020
934/18,513,2/6/2020
934/18,513,2/6/2020
934/19,115,7/20/2020
934/20,132,9/9/2020
934/20,78,11/26/2020
935/13,60,9/29/2020
935/13,65,11/6/2020
935/13,65,11/6/2020
935/13,61,11/16/2020
935/13,211,11/16/2020
935/20,48,10/21/2020
935/20,47,11/9/2020
935/20,53,12/16/2020
9350/18,762,3/4/2020
936/16,708,1/7/2020
936/16,799,2/4/2020
936/16,809,5/15/2020
936/16,853,6/9/2020
936/16,876,6/9/2020
936/16,997,7/2/2020
936/16,721,9/3/2020
936/16,797,10/7/2020
936/16,865,11/4/2020
936/16,818,12/9/2020
936/17,71,1/27/2020
936/17,479,7/22/2020
936/18,54,10/21/2020
936/20,587,1/6/2020
937/12,109,1/22/2020
937/15,82,1/13/2020
937/15,76,1/27/2020
937/15,73,6/29/2020
937/15,69,8/24/2020
937/15,63,10/19/2020
937/17,275,6/10/2020
937/17,246,9/2/2020
937/17,241,11/25/2020
937/20,1333,8/12/2020
938/10,87,6/26/2020
938/14,1363,1/18/2020
938/14,642,2/24/2020
938/14,264,5/22/2020
938/19,525,1/6/2020
938/19,455,1/27/2020
938/19,519,5/29/2020
938/19,485,6/19/2020
938/19,487,7/17/2020
938/19,457,8/14/2020
938/19,455,9/11/2020
938/19,522,10/9/2020
938/19,468,11/6/2020
938/19,468,11/6/2020
938/19,488,1/1/2021
939/13,432,1/13/2020
939/13,400,2/10/2020
939/13,534,7/27/2020
939/13,478,9/21/2020
939/13,415,11/16/2020
939/13,433,12/14/2020
939/17,974,7/2/2020
939/20,96,8/13/2020
939/20,75,10/29/2020
939/20,62,12/24/2020
94/09,120,6/11/2020
94/09,112,7/9/2020
94/13,225,10/21/2020
94/15,106,10/2/2020
94/16,699,2/18/2020
94/16,91,7/31/2020
94/17,106,7/6/2020
94/17,106,7/6/2020
94/18,190,6/20/2020
940/14,289,1/19/2020
940/14,317,3/15/2020
940/14,344,7/5/2020
940/14,910,7/6/2020
940/14,910,7/6/2020
940/14,371,8/5/2020
940/14,400,10/25/2020
940/14,215,10/25/2020
940/14,403,11/22/2020
940/14,436,12/20/2020
940/16,86,8/27/2020
940/18,1102,1/14/2020
940/18,9,1/14/2020
940/18,1059,2/4/2020
940/18,51,5/8/2020
940/18,1239,5/14/2020
940/18,854,8/12/2020
940/19,806,1/20/2020
940/19,177,2/3/2020
940/19,1117,6/2/2020
940/19,975,9/15/2020
940/4,369,8/30/2020
941/03,89,9/22/2020
941/06,89,5/20/2020
941/06,88,7/28/2020
941/06,70,8/25/2020
941/16,79,2/18/2020
941/16,99,6/16/2020
941/16,85,7/7/2020
941/16,83,8/4/2020
941/16,73,9/29/2020
941/20,337,8/14/2020
942/01,88,1/15/2020
942/01,88,7/29/2020
942/14,567,2/18/2020
942/14,577,3/15/2020
942/14,646,7/7/2020
942/14,580,8/4/2020
942/14,641,9/3/2020
942/14,642,10/27/2020
942/14,749,12/22/2020
942/15,748,5/4/2020
942/16,185,2/13/2020
942/16,191,3/12/2020
942/16,197,6/11/2020
942/16,186,7/30/2020
942/19,675,2/3/2020
942/19,644,3/2/2020
942/19,717,6/1/2020
942/19,484,7/2/2020
942/20,122,8/14/2020
943/12,120,9/13/2020
943/12,120,1/3/2021
943/18,992,7/2/2020
943/19,442,7/15/2020
943/19,352,8/12/2020
943/19,433,9/9/2020
943/19,333,10/7/2020
943/19,300,12/9/2020
943/20,59,8/14/2020
944/15,255,2/11/2020
944/15,340,8/11/2020
944/15,371,9/8/2020
944/15,447,10/8/2020
944/15,465,10/22/2020
944/15,433,11/5/2020
944/15,451,12/31/2020
944/18,541,3/4/2020
944/20,77,8/15/2020
944/20,804,8/15/2020
944/20,804,8/15/2020
944/20,255,11/5/2020
9444/17,472,8/19/2020
945/16,150,7/7/2020
945/16,121,7/20/2020
945/16,135,8/4/2020
945/16,132,9/29/2020
945/17,52,1/28/2020
945/18,284,2/4/2020
945/18,776,5/23/2020
945/18,494,6/20/2020
945/19,998,2/4/2020
945/19,1103,3/3/2020
945/19,1400,5/6/2020
945/19,1400,5/6/2020
945/19,1210,6/17/2020
945/19,1224,7/3/2020
945/19,1337,8/7/2020
945/19,1457,11/3/2020
945/19,1242,1/5/2021
945/20,66,8/15/2020
945/20,1149,11/9/2020
945/57,1348,9/4/2020
946/10,112,1/28/2020
946/10,94,8/11/2020
946/10,91,10/6/2020
946/10,91,10/6/2020
946/17,684,2/4/2020
946/19,202,1/21/2020
946/19,226,3/17/2020
946/19,252,9/29/2020
946/19,262,10/27/2020
946/20,87,8/15/2020
946/20,119,11/3/2020
947/04,142,7/28/2020
947/04,160,8/25/2020
947/15,89,3/10/2020
947/16,91,1/31/2020
947/16,129,7/7/2020
947/16,95,8/4/2020
947/16,112,8/20/2020
947/16,128,11/10/2020
947/17,103,1/20/2020
947/19,987,6/1/2020
948/14,65,3/3/2020
948/14,76,6/23/2020
948/15,89,6/2/2020
948/15,114,9/22/2020
948/15,82,10/20/2020
948/15,99,11/17/2020
948/15,116,12/15/2020
948/16,927,1/13/2020
948/16,606,2/3/2020
948/17,965,7/10/2020
948/19,254,8/5/2020
948/19,233,12/23/2020
948/20,189,8/17/2020
948/20,710,10/28/2020
949/08,200,6/30/2020
949/08,206,8/25/2020
949/14,47,3/17/2020
949/15,96,7/9/2020
949/15,88,8/13/2020
949/15,102,9/10/2020
949/20,248,11/9/2020
949/20,260,1/4/2021
95/11,74,8/21/2020
95/11,168,9/7/2020
95/12,51,8/25/2020
95/13,60,9/10/2020
95/14,112,8/14/2020
95/16,93,8/14/2020
95/16,68,9/18/2020
95/17,77,7/10/2020
95/18,114,2/28/2020
95/18,455,5/26/2020
95/18,438,6/9/2020
95/18,517,7/7/2020
95/18,486,8/4/2020
95/18,296,8/21/2020
95/18,459,8/31/2020
95/18,142,9/4/2020
95/18,287,9/4/2020
95/18,419,11/3/2020
95/18,415,12/8/2020
95/18,485,1/5/2021
95/19,158,8/12/2020
95/20,445,1/23/2020
95/20,554,2/25/2020
95/20,518,3/12/2020
95/20,780,6/9/2020
95/20,757,7/30/2020
95/20,628,9/22/2020
95/20,825,10/20/2020
95/20,1000,11/13/2020
950/19,173,7/3/2020
950/20,778,11/4/2020
"95036,",98,6/29/2020
951/14,140,1/6/2020
951/14,136,2/2/2020
951/14,156,3/2/2020
951/14,134,3/10/2020
951/14,153,5/23/2020
951/14,151,6/22/2020
951/14,124,7/20/2020
951/14,146,9/13/2020
951/14,140,10/11/2020
951/14,140,11/8/2020
951/14,138,11/26/2020
951/14,140,12/24/2020
951/16,492,2/24/2020
951/16,596,8/10/2020
951/16,609,10/5/2020
951/19,284,6/17/2020
951/20,82,8/17/2020
951/20,100,11/5/2020
951/20,87,12/3/2020
952/18,946,2/5/2020
952/18,413,7/8/2020
952/18,506,9/2/2020
952/18,385,9/30/2020
952/18,414,12/23/2020
952/19,437,2/26/2020
952/19,578,7/15/2020
952/19,589,9/15/2020
952/19,277,1/5/2021
952/20,395,7/7/2020
952/20,162,8/17/2020
952/20,513,11/10/2020
954/09,211,7/20/2020
954/14,69,1/9/2020
954/14,55,6/25/2020
954/17,60,7/14/2020
954/18,64,1/22/2020
954/20,89,8/17/2020
955/18,102,1/22/2020
955/18,113,6/10/2020
955/20,84,8/17/2020
955/20,762,10/27/2020
956/18,659,9/7/2020
956/19,485,2/20/2020
956/19,268,5/19/2020
956/19,597,10/19/2020
956/19,708,10/29/2020
956/20,542,8/17/2020
956/20,138,10/27/2020
957/16,144,1/22/2020
957/16,236,6/10/2020
957/16,126,7/8/2020
957/16,135,9/2/2020
957/16,151,12/23/2020
957/17,67,3/12/2020
957/17,68,8/28/2020
957/17,70,10/22/2020
957/17,64,11/19/2020
957/20,117,8/17/2020
958/12,226,7/20/2020
958/12,227,12/7/2020
958/14,120,2/27/2020
958/14,1216,4/17/2020
958/16,708,2/5/2020
958/16,610,3/4/2020
958/16,713,5/6/2020
958/16,713,5/6/2020
958/16,665,7/1/2020
958/16,605,8/8/2020
958/16,620,10/7/2020
958/16,630,11/4/2020
958/16,637,12/9/2020
958/18,237,2/19/2020
958/18,253,8/5/2020
958/18,254,9/2/2020
958/18,245,9/30/2020
958/18,269,10/25/2020
958/20,98,12/17/2020
958/22,572,9/5/2020
959/15,69,1/21/2020
959/15,78,8/4/2020
959/18,467,2/3/2020
959/18,802,2/5/2020
959/18,81,2/18/2020
959/18,794,3/4/2020
959/18,742,5/6/2020
959/18,742,5/6/2020
959/18,785,6/4/2020
959/18,744,6/10/2020
959/18,796,7/1/2020
959/18,749,8/8/2020
959/18,726,9/3/2020
959/18,785,9/5/2020
959/18,849,10/7/2020
959/18,782,11/2/2020
959/18,868,11/4/2020
959/18,461,11/6/2020
959/18,461,11/6/2020
959/18,860,12/9/2020
959/19,452,5/14/2020
959/19,242,6/9/2020
959/19,472,7/16/2020
959/19,758,8/1/2020
959/19,806,9/15/2020
959/19,980,11/2/2020
959/20,618,11/3/2020
96/08,906,5/6/2020
96/08,906,5/6/2020
96/08,909,5/22/2020
96/08,733,7/1/2020
96/08,869,8/8/2020
96/08,593,10/5/2020
96/08,632,11/2/2020
96/08,769,12/9/2020
96/10,50,2/20/2020
96/149,692,9/5/2020
96/16,131,5/21/2020
96/16,83,6/10/2020
96/16,156,7/10/2020
96/18,479,7/9/2020
96/19,108,3/12/2020
96/19,129,6/4/2020
96/19,109,7/15/2020
96/19,116,7/29/2020
96/19,110,8/27/2020
96/19,107,9/24/2020
96/19,112,10/22/2020
96/19,100,11/16/2020
96/19,109,12/14/2020
960/13,140,8/24/2020
960/19`,849,7/14/2020
961/09,639,1/29/2020
961/09,689,7/15/2020
961/20,75,8/17/2020
961/20,94,10/9/2020
962/01,49,3/8/2020
962/01,53,6/28/2020
962/01,51,7/26/2020
962/01,53,8/23/2020
962/18,606,7/24/2020
962/19,594,1/17/2020
962/19,623,2/10/2020
962/19,685,3/4/2020
962/19,745,6/19/2020
962/19,624,8/24/2020
962/19,718,10/19/2020
962/20,88,5/4/2020
962/20,82,8/17/2020
962/20,289,12/20/2020
963/13,862,2/4/2020
963/13,943,3/3/2020
963/13,969,5/6/2020
963/13,969,5/6/2020
963/13,1108,8/7/2020
963/13,910,11/3/2020
963/13,1023,12/8/2020
963/13,895,1/5/2021
963/18,112,1/21/2020
963/18,93,2/18/2020
963/18,102,3/17/2020
963/18,114,9/4/2020
963/18,118,11/2/2020
963/20,131,8/17/2020
963/20,936,11/5/2020
963/20,974,12/7/2020
"963/20,",949,12/7/2020
964/03,112,1/26/2020
964/03,135,2/23/2020
964/03,103,7/12/2020
964/03,113,9/6/2020
964/03,113,9/6/2020
964/03,111,10/4/2020
964/10,505,1/26/2020
964/10,621,6/24/2020
964/10,504,7/12/2020
964/10,672,12/30/2020
964/16,55,9/17/2020
964/20,468,11/17/2020
965/19,579,6/15/2020
965/19,541,7/13/2020
965/19,569,10/5/2020
965/19,590,11/1/2020
965/19,566,11/29/2020
965/20,460,8/18/2020
966/14,168,7/3/2020
966/19,1418,1/8/2020
966/20,193,9/1/2020
966/20,115,10/29/2020
966/20,98,11/2/2020
966/20,94,11/3/2020
966/20,98,11/10/2020
966/20,94,11/13/2020
966/20,98,11/16/2020
966/20,101,11/24/2020
966/20,104,11/27/2020
966/20,105,11/30/2020
966/20,98,12/4/2020
966/20,104,12/7/2020
966/20,103,12/11/2020
966/20,104,12/14/2020
966/20,115,12/18/2020
966/20,114,12/22/2020
966/20,116,12/30/2020
966/20,173,1/5/2021
9663/20,120,7/2/2020
967/18,819,8/10/2020
967/20,268,8/18/2020
968/13,77,8/16/2020
968/13,73,10/11/2020
968/19,91,1/13/2020
968/19,85,1/27/2020
968/19,72,2/10/2020
968/19,80,2/24/2020
968/19,99,6/15/2020
968/19,103,7/13/2020
968/19,98,8/17/2020
968/19,111,10/18/2020
968/19,113,11/3/2020
969/16,856,6/16/2020
969/16,118,7/7/2020
969/17,681,2/3/2020
969/17,1069,6/4/2020
969/17,1744,8/4/2020
969/17,1443,8/7/2020
969/17,1324,9/3/2020
969/17,1149,10/4/2020
969/17,1286,1/5/2021
969/18,847,2/4/2020
969/18,672,3/17/2020
969/18,755,7/10/2020
969/18,705,9/7/2020
969/18,630,9/15/2020
969/18,986,11/3/2020
969/18,967,12/8/2020
969/18,928,1/5/2021
969/20,330,11/2/2020
969/20,292,11/12/2020
97/08,67,6/25/2020
97/14,560,7/7/2020
97/14,681,8/4/2020
97/18,79,7/31/2020
97/19,1396,10/5/2020
970/16,205,1/13/2020
970/16,217,2/10/2020
970/16,251,6/29/2020
970/16,207,7/27/2020
970/16,245,8/24/2020
970/16,219,9/21/2020
970/17,110,3/5/2020
970/17,996,5/29/2020
970/19,677,2/12/2020
970/19,1186,8/26/2020
970/19,772,9/15/2020
971/16,167,7/13/2020
971/16,150,12/27/2020
971/17,86,2/2/2020
971/17,96,3/1/2020
971/17,92,5/26/2020
971/17,108,6/21/2020
971/17,85,7/19/2020
971/17,80,8/16/2020
971/17,86,8/18/2020
971/17,93,9/13/2020
971/17,88,10/11/2020
971/17,94,11/8/2020
971/19,256,2/4/2020
971/19,1019,2/26/2020
971/19,491,5/18/2020
971/19,205,6/13/2020
971/19,974,7/4/2020
971/19,99,7/14/2020
971/19,1477,8/6/2020
971/19,1477,8/6/2020
971/19,1347,9/3/2020
971/19,1567,11/2/2020
971/19,1378,1/4/2021
971/20,145,4/6/2020
971/20,145,4/6/2020
972/06,99,9/27/2020
972/16,1162,7/1/2020
972/18,143,12/23/2020
972/19,284,5/11/2020
972/19,324,8/31/2020
972/19,354,9/28/2020
972/19,331,10/26/2020
972/19,304,11/23/2020
972/20,213,8/19/2020
972/20,276,12/1/2020
973/18,283,1/29/2020
973/18,307,5/20/2020
973/18,274,8/12/2020
973/19,84,7/7/2020
973/19,76,8/25/2020
973/20,222,8/19/2020
974/16,138,1/21/2020
974/16,141,7/7/2020
974/16,139,8/31/2020
974/16,133,10/27/2020
974/17,105,8/18/2020
974/19,369,2/25/2020
974/19,969,2/27/2020
974/19,144,3/2/2020
974/19,516,9/8/2020
974/19,591,12/1/2020
975/09,83,3/3/2020
975/09,77,6/23/2020
975/09,74,10/13/2020
975/09,64,1/5/2021
975/10,295,11/1/2020
975/12,109,4/21/2020
975/12,104,9/10/2020
975/12,135,11/3/2020
975/12,114,12/1/2020
975/12,111,12/28/2020
975/18,472,2/3/2020
975/18,490,3/6/2020
975/18,490,3/6/2020
975/18,616,9/23/2020
975/18,726,11/26/2020
975/20,1015,8/19/2020
976/09,561,1/30/2020
976/09,590,5/21/2020
976/09,590,8/13/2020
976/09,603,9/10/2020
976/09,701,10/8/2020
976/09,651,12/3/2020
976/09,693,12/31/2020
976/12,62,8/20/2020
976/19,1179,2/7/2020
976/19,261,8/4/2020
976/19,853,9/3/2020
976/20,126,11/11/2020
977/13,126,7/23/2020
977/13,132,9/17/2020
977/15,382,2/4/2020
977/15,95,3/1/2020
977/15,88,7/19/2020
977/15,93,8/16/2020
977/15,97,9/15/2020
977/15,101,10/13/2020
977/17,1427,12/7/2020
977/19,491,3/3/2020
977/19,560,5/6/2020
977/19,560,5/6/2020
977/19,558,7/3/2020
977/20,407,8/19/2020
978/06,84,7/2/2020
978/06,74,7/30/2020
978/06,82,8/27/2020
978/06,80,9/24/2020
978/06,80,12/14/2020
978/18,49,3/12/2020
978/18,56,9/23/2020
978/18,45,11/18/2020
978/19,77,1/21/2020
978/20,97,8/19/2020
978/20,373,11/4/2020
978/20,398,12/23/2020
979/03,299,1/20/2020
979/03,412,6/1/2020
979/03,372,8/26/2020
979/03,390,9/21/2020
979/03,420,11/16/2020
979/03,378,12/14/2020
979/05,452,10/19/2020
979/16,196,5/18/2020
979/16,188,10/29/2020
979/18,931,6/23/2020
979/19,570,2/3/2020
979/19,446,2/17/2020
979/19,412,3/16/2020
979/19,509,6/26/2020
979/19,511,7/31/2020
979/19,769,8/28/2020
979/19,1009,9/25/2020
979/19,1535,10/28/2020
979/20,114,12/2/2020
979/38,962,9/5/2020
98/10,92,11/27/2020
98/16,106,2/7/2020
98/17,124,3/5/2020
98/18,91,2/7/2020
98/18,98,5/15/2020
98/19,733,5/11/2020
98/20,622,2/5/2020
98/20,766,2/26/2020
98/20,931,5/27/2020
98/20,1052,6/11/2020
98/20,1035,7/1/2020
98/20,1084,7/6/2020
98/20,1084,7/6/2020
98/20,1145,7/9/2020
98/20,1075,7/21/2020
98/20,1338,8/13/2020
98/20,1002,8/28/2020
98/20,1026,8/28/2020
98/20,1030,9/7/2020
98/20,1327,10/16/2020
98/20,1463,11/26/2020
98/20,433,12/11/2020
98/21,1624,1/2/2021
980/12,57,2/18/2020
980/12,55,11/24/2020
980/19,616,10/14/2020
980/19,695,11/5/2020
980/19,698,12/6/2020
980/19,698,12/6/2020
980/19,771,1/3/2021
981/13,587,1/8/2020
981/13,644,6/1/2020
981/13,595,7/3/2020
981/13,748,8/4/2020
981/13,567,9/5/2020
981/13,663,10/2/2020
981/13,615,11/3/2020
981/13,529,12/1/2020
981/13,562,1/1/2021
981/18,139,1/16/2020
981/18,123,3/17/2020
981/18,127,5/28/2020
981/18,136,6/25/2020
981/19,200,2/5/2020
981/19,181,7/8/2020
981/19,204,8/12/2020
981/19,1179,8/31/2020
981/20,174,8/20/2020
982/13,206,2/3/2020
982/13,208,6/23/2020
982/13,208,7/21/2020
982/13,239,8/18/2020
982/13,226,8/21/2020
982/13,245,9/2/2020
982/13,207,9/15/2020
982/13,218,10/13/2020
982/16,111,7/19/2020
982/19,456,1/29/2020
982/19,321,9/16/2020
983/07,164,1/8/2020
983/14,114,2/6/2020
983/14,114,2/6/2020
983/14,151,8/20/2020
983/17,110,1/13/2020
983/17,86,2/10/2020
983/17,83,9/14/2020
983/20,91,11/11/2020
983/20,92,11/18/2020
984/18,705,1/29/2020
984/19,159,8/21/2020
984/20,517,11/5/2020
984/20,635,12/1/2020
985/06,110,7/28/2020
985/06,108,8/25/2020
985/06,111,9/22/2020
985/12,86,1/19/2020
985/12,94,2/16/2020
985/12,98,3/15/2020
985/12,105,6/7/2020
985/12,99,7/5/2020
985/12,104,8/2/2020
985/12,92,8/26/2020
985/12,98,8/30/2020
985/12,91,9/27/2020
985/12,95,10/25/2020
985/12,90,11/22/2020
985/12,94,12/20/2020
985/14,102,1/20/2020
985/14,131,8/31/2020
985/14,121,9/30/2020
985/14,124,10/25/2020
985/17,594,1/6/2020
985/17,514,3/2/2020
985/20,585,4/15/2020
985/20,172,8/20/2020
985/20,111,11/5/2020
985/20,109,11/9/2020
985/20,94,11/13/2020
985/20,95,11/16/2020
985/20,98,11/23/2020
985/20,96,11/27/2020
985/20,99,11/30/2020
985/20,103,12/3/2020
985/20,104,12/7/2020
985/20,102,12/10/2020
985/20,112,12/14/2020
985/20,119,12/18/2020
985/20,122,12/21/2020
985/20,134,12/31/2020
986/11,806,2/4/2020
986/115,824,9/5/2020
986/13,88,7/20/2020
986/14,130,6/18/2020
986/15,744,1/7/2020
986/15,851,3/4/2020
986/15,1036,6/4/2020
986/15,948,7/1/2020
986/15,920,8/8/2020
986/15,830,10/7/2020
986/15,904,11/5/2020
986/15,952,12/9/2020
986/19,138,1/28/2020
986/19,732,2/6/2020
986/19,732,2/6/2020
986/19,122,10/8/2020
986/19,70,10/26/2020
986/19,632,11/5/2020
986/19,907,12/9/2020
987/18,82,2/18/2020
987/18,93,6/9/2020
987/18,78,9/29/2020
987/18,89,10/27/2020
987/20,67,8/5/2020
988/02,75,1/30/2020
988/02,85,7/16/2020
988/02,78,8/13/2020
988/15,776,2/7/2020
988/15,166,3/12/2020
988/15,815,6/17/2020
988/15,696,7/17/2020
988/16,166,1/7/2020
988/16,183,3/3/2020
988/16,187,3/12/2020
988/16,160,3/31/2020
988/16,166,6/23/2020
988/16,154,7/21/2020
988/16,185,8/18/2020
988/16,153,9/15/2020
988/16,64,9/26/2020
988/16,152,12/8/2020
988/18,61,1/14/2020
988/20,72,8/21/2020
988/20,53,11/19/2020
988/20,50,12/31/2020
989/16,1016,9/4/2020
989/18,332,3/3/2020
989/18,53,3/3/2020
989/18,1175,5/5/2020
989/18,1224,6/2/2020
989/18,1102,7/3/2020
989/18,1217,8/7/2020
989/18,1351,11/3/2020
989/18,1243,12/8/2020
989/19,1084,2/4/2020
989/19,1112,1/5/2021
989/20,282,8/21/2020
9893/20,1184,7/6/2020
9893/20,1184,7/6/2020
99/18,967,12/14/2020
99/20,171,1/23/2020
99/20,1303,1/27/2020
99/20,280,6/11/2020
99/20,264,9/3/2020
990/17,268,2/4/2020
990/17,816,6/3/2020
990/17,540,7/22/2020
990/17,671,8/8/2020
990/17,772,9/4/2020
990/17,658,11/20/2020
990/18,124,1/6/2020
990/18,97,2/3/2020
990/18,100,6/22/2020
990/19,212,1/30/2020
990/19,382,6/18/2020
990/20,67,8/24/2020
99012/20,50,7/19/2020
991/13,67,8/4/2020
991/13,72,10/27/2020
991/16,1125,2/3/2020
991/18,1220,3/2/2020
991/19,619,1/14/2020
991/19,1000,5/4/2020
991/20,112,9/10/2020
991/20,54,11/10/2020
9914/17,125,6/13/2020
992/13,120,8/4/2020
992/13,118,11/4/2020
992/16,119,3/12/2020
992/16,113,5/19/2020
992/16,118,6/4/2020
992/16,91,7/30/2020
992/16,101,8/27/2020
992/16,102,9/24/2020
992/20,144,11/16/2020
992/20,97,11/30/2020
993/14,368,6/10/2020
993/14,356,10/28/2020
993/14,326,12/23/2020
993/15,92,7/21/2020
993/15,102,9/15/2020
993/18,505,1/8/2020
993/18,785,7/15/2020
993/18,1068,11/6/2020
993/18,1068,11/6/2020
993/18,375,12/11/2020
993/18,1101,1/4/2021
993/20,116,8/24/2020
994/19,52,3/12/2020
994/19,32,12/17/2020
994/20,80,8/24/2020
994/20,397,11/20/2020
994/20,408,12/22/2020
994/20,350,1/4/2021
995/05,115,7/19/2020
995/05,112,8/16/2020
995/05,132,9/13/2020
995/05,121,10/11/2020
995/13,127,3/11/2020
995/13,118,6/15/2020
995/13,122,7/27/2020
995/13,131,8/26/2020
995/19,635,8/7/2020
995/19,847,9/22/2020
995/19,603,10/7/2020
996/08,433,2/12/2020
996/18,205,2/24/2020
996/19,69,2/27/2020
996/19,77,3/26/2020
996/19,181,5/28/2020
996/19,54,7/16/2020
996/19,50,9/10/2020
996/19,46,10/8/2020
996/19,43,11/5/2020
996/20,502,11/11/2020
996/20,397,11/15/2020
996/20,372,12/16/2020
997/12,112,6/11/2020
997/12,96,7/9/2020
997/12,100,9/3/2020
997/12,104,9/30/2020
997/12,101,12/24/2020
997/16,732,1/2/2021
997/18,78,1/7/2020
997/18,104,2/6/2020
997/18,104,2/6/2020
997/18,73,3/10/2020
997/19,577,1/10/2020
997/19,566,2/3/2020
997/19,539,2/3/2020
997/19,496,3/2/2020
997/19,1156,5/4/2020
997/19,104,7/16/2020
997/19,93,8/20/2020
997/20,87,11/11/2020
998/19,183,1/13/2020
998/19,171,1/22/2020
998/19,182,2/19/2020
998/19,184,3/3/2020
998/19,188,6/23/2020
998/19,126,7/21/2020
998/19,194,11/10/2020
998/19,194,12/22/2020
998/20,78,8/24/2020
999/09,367,1/28/2020
999/13,224,2/25/2020
999/13,245,3/24/2020
999/13,249,6/16/2020
999/13,219,7/14/2020
999/13,255,12/28/2020
999/18,110,5/4/2020
999/18,114,8/4/2020
999/18,108,11/3/2020
999/18,118,11/22/2020
999/19,277,6/1/2020
999/19,223,9/28/2020
999/19,228,10/19/2020
999/20,350,11/18/2020
999/20,405,12/15/2020
