1000/09,159,1/5/2021,
1016/04,355,1/20/2021,
1016/10,84,1/5/2021,
1020/01,547,1/20/2021,
1040/12,173,1/20/2021,
1049/09,543,1/7/2021,
1053/12,80,1/6/2021,
1053/12,49,1/5/2021,
1055/02,178,1/12/2021,
1055/12,622,1/25/2021,
1057/12,535,1/5/2021,
1058/06,144,1/21/2021,
1061/9,88,1/17/2021,
1064/05,90,1/6/2021,
1084/10,109,1/12/2021,
1085/09,143,1/13/2021,
1085/09,140,1/7/2021,
1092/10,65,1/12/2021,
1095/07,104,1/29/2021,
1101/07,88,1/25/2021,
1101/07,91,1/5/2021,
1106/07,61,1/29/2021,
1111/05,110,1/10/2021,
1130/06,133,1/21/2021,
1142/08,864,1/8/2021,
1142/08,804,1/5/2021,
1177/01,629,1/5/2021,
1205/02,187,1/25/2021,
1238/07,811,1/6/2021,
1243/08,173,1/5/2021,
1247/08,965,1/18/2021,
1247/08,1362,1/6/2021,
1247/09,151,1/12/2021,
1254/05,121,1/5/2021,
1291/09,710,1/15/2021,
1310/09,113,1/17/2021,
1325/08,107,1/26/2021,
1325/08,131,1/10/2021,
1332/03,75,1/12/2021,
1334/04,229,1/4/2021,
1342/04,69,1/4/2021,
1346/04,116,1/5/2021,
1373/11,83,1/28/2021,
1374/11,60,1/22/2021,
1386/01,261,1/17/2021,
1394/03,231,1/26/2021,
1399/08,122,1/13/2021,
1403/09,68,1/20/2021,
1416/08,911,1/5/2021,
1458/09,79,1/17/2021,
1472/02,378,1/3/2021,
1513/09,173,1/4/2021,
1525/03,68,1/10/2021,
1532/09,106,1/14/2021,
1536/09,108,1/10/2021,
1537/09,495,1/5/2021,
1619/03,222,1/19/2021,
1636/03,250,1/11/2021,
1678/01,116,1/27/2021,
1716/01,731,1/4/2021,
07/2020,200,1/14/2021,
01/2021,248,1/3/2021,
02/21,268,1/4/2021,
04/2021,936,1/19/2021,
04/18,1223,1/24/2021,
04/20,733,1/4/2021,
4/21,281,1/13/2021,
4/21,86,1/5/2021,
06/20,65,1/20/2021,
6/20,674,1/12/2021,
06/21,91,1/12/2021,
07/05,79,1/17/2021,
07/20,193,1/29/2021,
7/20,101,1/27/2021,
07/20,202,1/22/2021,
07/20,191,1/18/2021,
7/21,262,1/5/2021,
09/21,177,1/21/2021,
9/21,608,1/11/2021,
9/21,367,1/5/2021,
10/2021,187,1/5/2021,
10/20,103,1/29/2021,
10/20,1053,1/7/2021,
11/20,87,1/12/2021,
11/20,80,1/12/2021,
11/21,294,1/6/2021,
12/2021,170,1/6/2021,
12/14,399,1/19/2021,
100/19,132,1/5/2021,
100/20,1213,1/8/2021,
100/21,84,1/19/2021,
1000/20,516,1/6/2021,
1001/18,704,1/6/2021,
1003/19,186,1/21/2021,
1004/13,500,1/6/2021,
1004/15,144,1/6/2021,
1004/17,407,1/10/2021,
1005/18,81,1/14/2021,
10067/21,679,1/29/2021,
1007/13,1098,1/5/2021,
1007/19,388,1/7/2021,
1008/15,423,1/5/2021,
1008/20,281,1/7/2021,
101/18,107,1/15/2021,
101/20,1017,1/6/2021,
1010/16,83,1/24/2021,
1011/18,359,1/13/2021,
1011/20,988,1/21/2021,
1012/19,1212,1/6/2021,
1014/17,121,1/19/2021,
1014/19,65,1/12/2021,
1015/15,98,1/10/2021,
1015/17,369,1/1/2021,
1015/18,180,1/18/2021,
1015/19,617,1/6/2021,
1018/16,185,1/11/2021,
1019/20,588,1/6/2021,
102/16,179,1/21/2021,
1020/20,84,1/13/2021,
1021/15,534,1/13/2021,
1021/20,614,1/20/2021,
1024/16,739,1/4/2021,
1028/16,208,1/12/2021,
1028/19,608,1/4/2021,
1028/20,288,1/20/2021,
1029/19,155,1/27/2021,
1029/20,843,1/7/2021,
103/16,333,1/19/2021,
1031/18,785,1/5/2021,
1032/20,524,1/15/2021,
1035/15,110,1/13/2021,
1036/14,54,1/5/2021,
1037/20,302,1/10/2021,
1037/20,710,1/4/2021,
1038/14,161,1/26/2021,
1038/17,912,1/4/2021,
1038/19,48,1/5/2021,
1038/20,133,1/27/2021,
1038/20,130,1/18/2021,
1038/20,129,1/8/2021,
1038/20,127,1/4/2021,
1039/14,143,1/17/2021,
104/03,1252,1/7/2021,
104/17,421,1/27/2021,
1041/16,580,1/11/2021,
1041/20,649,1/13/2021,
1041/20,552,1/5/2021,
1042/17,422,1/5/2021,
1043/20,102,1/20/2021,
1045/20,103,1/20/2021,
1046/15,616,1/4/2021,
10469/20,314,1/27/2021,
1047/18,173,1/28/2021,
1047/20,437,1/31/2021,
1047/20,410,1/3/2021,
1049/18,386,1/18/2021,
105/17,889,1/31/2021,
105/17,828,1/3/2021,
105/20,87,1/12/2021,
105/20,100,1/6/2021,
1050/15,1143,1/4/2021,
1051/13,154,1/21/2021,
1051/15,242,1/3/2021,
1052/14,337,1/11/2021,
1053/17,68,1/7/2021,
1054/14,104,1/17/2021,
1054/18,511,1/4/2021,
1054/19,954,1/6/2021,
1054/20,193,1/7/2021,
1055/19,504,1/5/2021,
1056/17,942,1/7/2021,
1056/17,549,1/5/2021,
1056/18,103,1/26/2021,
1057/18,441,1/23/2021,
1057/19,102,1/5/2021,
1057/20,589,1/31/2021,
1057/20,714,1/30/2021,
106/16,92,1/29/2021,
106/18,67,1/13/2021,
106/20,260,1/4/2021,
1061/14,207,1/31/2021,
1063/17,135,1/21/2021,
1063/18,251,1/6/2021,
1064/18,1153,1/4/2021,
1064/19,1011,1/6/2021,
1064/19,895,1/1/2021,
1065/17,486,1/13/2021,
1065/20,728,1/7/2021,
1066/19,858,1/6/2021,
1069/20,102,1/25/2021,
1069/20,111,1/21/2021,
1069/20,113,1/18/2021,
1069/20,106,1/15/2021,
1069/20,110,1/8/2021,
1069/20,115,1/4/2021,
1071/20,484,1/28/2021,
1072/17,579,1/11/2021,
1074/19,874,1/6/2021,
1074/20,808,1/6/2021,
1075/14,120,1/4/2021,
1075/20,266,1/5/2021,
1077/18,804,1/5/2021,
1077/19,122,1/26/2021,
1077/20,68,1/6/2021,
1079/18,193,1/4/2021,
108/17,60,1/4/2021,
1083/18,873,1/6/2021,
1085/20,142,1/26/2021,
1085/20,129,1/7/2021,
1087/17,547,1/7/2021,
1087/19,212,1/25/2021,
1087/19,204,1/13/2021,
1087/19,189,1/5/2021,
1088/18,1611,1/6/2021,
1089/14,169,1/25/2021,
1089/18,1323,1/11/2021,
1089/18,1434,1/4/2021,
1089/19,106,1/8/2021,
1089/20,585,1/12/2021,
109/07,715,1/20/2021,
109/07,703,1/20/2021,
1090/20,959,1/11/2021,
1090/20,900,1/6/2021,
1091/17,1010,1/4/2021,
1091/19,391,1/5/2021,
1092/18,559,1/11/2021,
1093/17,932,1/6/2021,
1093/20,671,1/13/2021,
1094/20,88,1/14/2021,
1097/20,59,1/29/2021,
1097/20,55,1/25/2021,
1097/20,67,1/22/2021,
1097/20,69,1/18/2021,
1097/20,54,1/15/2021,
1097/20,64,1/11/2021,
1097/20,65,1/8/2021,
1097/20,66,1/4/2021,
1097/20,62,1/1/2021,
1098/17,920,1/4/2021,
1099/17,918,1/2/2021,
1099/18,648,1/7/2021,
110/16,903,1/6/2021,
110/18,428,1/5/2021,
1100/19,256,1/7/2021,
1101/14,65,1/24/2021,
1103/19,1052,1/20/2021,
1103/20,712,1/18/2021,
1104/20,90,1/21/2021,
1104/20,88,1/7/2021,
1105/2021,467,1/6/2021,
1106/19,175,1/27/2021,
1106/20,456,1/13/2021,
1107/14,121,1/28/2021,
1107/19,996,1/27/2021,
1109/17,724,1/5/2021,
111/18,522,1/1/2021,
1112/13,340,1/27/2021,
1113/17,598,1/4/2021,
1113/20,312,1/25/2021,
1114/19,1100,1/5/2021,
1114/20,89,1/25/2021,
1114/20,88,1/18/2021,
1114/20,80,1/15/2021,
1114/20,84,1/11/2021,
1114/20,91,1/8/2021,
1114/20,77,1/4/2021,
1114/20,80,1/1/2021,
1116/19,90,1/26/2021,
1117/13,192,1/5/2021,
1118/19,511,1/1/2021,
1119/17,870,1/4/2021,
1119/20,263,1/20/2021,
112/09,104,1/17/2021,
112/19,175,1/10/2021,
112/20,944,1/6/2021,
1121/18,101,1/19/2021,
1124/13,967,1/5/2021,
1124/13,1154,1/1/2021,
1124/19,649,1/2/2021,
1124/19.,346,1/8/2021,
1126/18,906,1/6/2021,
1127/20,1107,1/5/2021,
1128/19,627,1/4/2021,
1129/20,118,1/19/2021,
1130/15,1203,1/7/2021,
1130/19,1253,1/5/2021,
1130/20,250,1/11/2021,
1131/18,79,1/21/2021,
1131/20,540,1/25/2021,
1132/19,1026,1/5/2021,
1132/20,754,1/18/2021,
1132/20,748,1/11/2021,
1133/20,448,1/20/2021,
1133/20,397,1/11/2021,
1134/18,125,1/19/2021,
1134/19,1264,1/4/2021,
1134/19.,1465,1/4/2021,
1135/20,309,1/24/2021,
1136/20,115,1/4/2021,
1137/19,1049,1/6/2021,
1138/18,89,1/28/2021,
114/10,327,1/14/2021,
114/19,1289,1/4/2021,
114/20,392,1/31/2021,
114/20,398,1/6/2021,
1140/18,286,1/6/2021,
1140/20,129,1/12/2021,
1141/20,1177,1/5/2021,
1142/14,81,1/11/2021,
1142/20,45,1/27/2021,
1145/19,287,1/12/2021,
1145/20,519,1/4/2021,
115/11,71,1/21/2021,
1156/20,208,1/11/2021,
1157/13,480,1/27/2021,
116/18,717,1/5/2021,
116/20,63,1/25/2021,
117/04,118,1/19/2021,
117/07,125,1/11/2021,
118/19,621,1/12/2021,
1180/13,59,1/28/2021,
1182/19,105,1/6/2021,
1185/13,1236,1/22/2021,
1185/18,4060,1/22/2021,
119/13,120,1/7/2021,
1199/20,245,1/29/2021,
120/18,64,1/12/2021,
1207/20,297,1/18/2021,
121/17,84,1/21/2021,
122/20,316,1/7/2021,
1221/20,256,1/25/2021,
1224/13,133,1/10/2021,
1226/13,889,1/6/2021,
123/14,628,1/6/2021,
123/17,65,1/24/2021,
124/20,905,1/5/2021,
1252/19,135,1/5/2021,
1252/21,114,1/4/2021,
1255/20,102,1/25/2021,
1272/20,152,1/3/2021,
128/18,1064,1/11/2021,
1286/20,140,1/25/2021,
129/19,1115,1/6/2021,
13/20,1090,1/4/2021,
13/21,695,1/7/2021,
130/19,455,1/31/2021,
130/19,453,1/3/2021,
1306/18,231,1/19/2021,
131/19,1478,1/4/2021,
132/19,1008,1/11/2021,
1327/20,177,1/19/2021,
1330/20,223,1/27/2021,
1336/19,151,1/10/2021,
135/19,109,1/12/2021,
1368/18,295,1/24/2021,
137/18`,108,1/12/2021,
137/20,596,1/6/2021,
138/02,152,1/19/2021,
138/03,406,1/26/2021,
14/20,359,1/6/2021,
1413/19,145,1/25/2021,
1426/19,286,1/28/2021,
143/19,295,1/13/2021,
144/17,152,1/6/2021,
145/19,843,1/6/2021,
145/20,1409,1/6/2021,
1456/20,385,1/6/2021,
146/19,208,1/10/2021,
146/20,1206,1/6/2021,
146/21,116,1/26/2021,
146/21,104,1/16/2021,
1468/17,79,1/6/2021,
148/21,63,1/27/2021,
1483/20,214,1/8/2021,
1490/20,384,1/18/2021,
15/18,109,1/29/2021,
15/20,698,1/1/2021,
15/21,96,1/11/2021,
1504/20,537,1/13/2021,
152/19,851,1/4/2021,
154/20,167,1/28/2021,
154/20,162,1/12/2021,
156/16,75,1/5/2021,
156/18,412,1/20/2021,
156/19,887,1/5/2021,
156/20,582,1/3/2021,
1569/19,1425,1/7/2021,
1569/19,1067,1/1/2021,
1574/20,190,1/27/2021,
158/07,92,1/24/2021,
1585/21,436,1/4/2021,
159/18,1010,1/6/2021,
159/20,147,1/11/2021,
1590/19,143,1/11/2021,
16/21,75,1/8/2021,
16/5,188,1/11/2021,
160/11,161,1/19/2021,
160/15,82,1/7/2021,
1606/17,90,1/27/2021,
1620/19,152,1/17/2021,
163/20,900,1/4/2021,
166/20,84,1/29/2021,
166/20,78,1/25/2021,
166/20,95,1/22/2021,
166/20,98,1/18/2021,
166/20,92,1/15/2021,
166/20,99,1/11/2021,
166/20,104,1/8/2021,
166/20,146,1/1/2021,
1693/15,167,1/29/2021,
17/21,401,1/8/2021,
170/18,784,1/18/2021,
171/17,78,1/17/2021,
171/20,85,1/12/2021,
1726/18,180,1/4/2021,
173/18,704,1/5/2021,
174/02,256,1/26/2021,
175/16,105,1/24/2021,
175/19,106,1/7/2021,
175/19,316,1/4/2021,
176/20,1083,1/30/2021,
176/20,945,1/11/2021,
177/14,319,1/7/2021,
179/09,73,1/19/2021,
18/18,527,1/5/2021,
18/19,107,1/21/2021,
18/21,71,1/11/2021,
180/14,131,1/28/2021,
181/15,88,1/22/2021,
182/17,971,1/5/2021,
182/18,525,1/20/2021,
183/11,100,1/26/2021,
183/13,123,1/31/2021,
183/19,787,1/5/2021,
184/20,257,1/27/2021,
1857/14,123,1/4/2021,
186/10,74,1/7/2021,
186/20,81,1/26/2021,
187/19,155,1/19/2021,
188/11,67,1/7/2021,
189/00,84,1/10/2021,
189/18,611,1/5/2021,
19/20,685,1/6/2021,
19/21,113,1/11/2021,
19/21,573,1/7/2021,
190/06,190,1/7/2021,
190/18,82,1/28/2021,
190/19,630,1/22/2021,
1904/21,206,1/7/2021,
191/19,319,1/28/2021,
191/2019,118,1/12/2021,
192/11,136,1/24/2021,
193/13,106,1/25/2021,
193/14,351,1/18/2021,
193/17,653,1/23/2021,
195/12,76,1/17/2021,
195/20,631,1/23/2021,
195/20,774,1/2/2021,
1969/13,256,1/7/2021,
196999`,533,1/8/2021,
198/17,62,1/31/2021,
198/17,93,1/3/2021,
198/20,144,1/19/2021,
1982/21,53,1/5/2021,
199/12,1192,1/8/2021,
199/12,1326,1/4/2021,
199/12.,136,1/8/2021,
1996/18,118,1/25/2021,
1996/19,158,1/7/2021,
20/18,724,1/21/2021,
20/21,828,1/21/2021,
20/21,211,1/11/2021,
20/21,647,1/7/2021,
200/14,76,1/5/2021,
2004/13,75,1/19/2021,
201/19,195,1/21/2021,
202/10,770,1/4/2021,
2020/20,61,1/26/2021,
203/18,855,1/5/2021,
203/19,51,1/7/2021,
204/18,277,1/11/2021,
204/20,688,1/4/2021,
2055/14,86,1/27/2021,
206/16,161,1/11/2021,
2068/19,219,1/21/2021,
207/13,95,1/7/2021,
2090/21,727,1/5/2021,
2093/18,286,1/5/2021,
21/13,502,1/19/2021,
21/20,112,1/1/2021,
21/21,124,1/11/2021,
210/11,583,1/27/2021,
211/08,147,1/7/2021,
211/17,563,1/5/2021,
2115/18,188,1/12/2021,
212/12,110,1/24/2021,
213/18,1054,1/17/2021,
2139/13,160,1/7/2021,
214/18,86,1/28/2021,
214/20,176,1/25/2021,
215/20,262,1/27/2021,
216/18,108,1/12/2021,
216/20,97,1/5/2021,
2166/18,108,1/7/2021,
217/17,425,1/20/2021,
217/19,100,1/26/2021,
218/14,97,1/24/2021,
218/15,64,1/26/2021,
218/19,110,1/12/2021,
218/19,143,1/5/2021,
218/19,530,1/5/2021,
218/20,1426,1/5/2021,
219/04,143,1/25/2021,
22/21,133,1/7/2021,
220/15,188,1/5/2021,
220/20,1034,1/5/2021,
2202/14,603,1/9/2021,
221/20,108,1/4/2021,
221/4,155,1/21/2021,
222/01,854,1/4/2021,
222/11,95,1/11/2021,
223/17,767,1/5/2021,
224/14,154,1/12/2021,
225/12,445,1/18/2021,
225/14,167,1/5/2021,
2253/21,74,1/9/2021,
226/14,76,1/31/2021,
227/18,941,1/4/2021,
228/20,446,1/11/2021,
229/16,803,1/29/2021,
229/19,1108,1/4/2021,
23/21,246,1/7/2021,
230/19,140,1/21/2021,
231/20,434,1/28/2021,
232/19,663,1/5/2021,
232/19,590,1/1/2021,
232/20,161,1/22/2021,
232/20,134,1/19/2021,
232/20,142,1/7/2021,
233/09,105,1/28/2021,
233/09,130,1/25/2021,
233/19,531,1/13/2021,
234/20,300,1/21/2021,
2347/21,104,1/8/2021,
235/16,267,1/4/2021,
235/20,263,1/2/2021,
235/21,225,1/7/2021,
237/20,1102,1/5/2021,
237/20,1036,1/1/2021,
238/18,823,1/4/2021,
238/19,95,1/28/2021,
238/20,53,1/14/2021,
238/20,1205,1/5/2021,
239/14,58,1/24/2021,
24/02,134,1/14/2021,
24/21,50,1/22/2021,
24/21,71,1/11/2021,
24/21,163,1/1/2021,
240/19,108,1/7/2021,
240/20,145,1/21/2021,
242/10,55,1/26/2021,
2443/21,154,1/30/2021,
2443/21,152,1/16/2021,
245/17,164,1/26/2021,
246/18,124,1/14/2021,
246/18,1016,1/7/2021,
247/16,176,1/12/2021,
2475/21,113,1/9/2021,
250/08,93,1/8/2021,
250/15,74,1/5/2021,
250/20,693,1/6/2021,
250/20,1190,1/5/2021,
251/20,464,1/20/2021,
253/17,364,1/27/2021,
254/10,117,1/26/2021,
254/20,282,1/6/2021,
2547/21,595,1/7/2021,
255/14,715,1/6/2021,
255/18,683,1/4/2021,
256/20,936,1/6/2021,
257/12,444,1/20/2021,
257/13,899,1/4/2021,
257/13.,1017,1/4/2021,
257/13...,918,1/4/2021,
257/18,285,1/4/2021,
257/19,1181,1/12/2021,
257/19,1142,1/5/2021,
259/04,129,1/11/2021,
26/21,134,1/11/2021,
261/09,136,1/12/2021,
262/19,899,1/3/2021,
262/20,468,1/7/2021,
263/19,537,1/6/2021,
264/16,1010,1/4/2021,
267/19,76,1/28/2021,
268/15,187,1/13/2021,
268/15,134,1/7/2021,
26A,48,1/26/2021,
27/19,206,1/6/2021,
27/20,76,1/27/2021,
270/18,864,1/6/2021,
271/11,159,1/7/2021,
271/17,48,1/5/2021,
272/17,85,1/10/2021,
273/16,715,1/4/2021,
274/12,119,1/26/2021,
274/19,127,1/5/2021,
276/15,98,1/17/2021,
276/20,584,1/20/2021,
277/17,100,1/12/2021,
277/18,925,1/5/2021,
278/13,91,1/14/2021,
278/17,90,1/26/2021,
279/11,1133,1/6/2021,
279/13,841,1/7/2021,
28/21,618,1/12/2021,
280/00,136,1/17/2021,
280/14,177,1/1/2021,
281/16,499,1/4/2021,
2821/21,628,1/7/2021,
283/18,128,1/29/2021,
283/18,156,1/26/2021,
283/18,138,1/22/2021,
283/18,127,1/18/2021,
283/18,121,1/15/2021,
283/18,126,1/11/2021,
283/18,136,1/7/2021,
283/18,129,1/4/2021,
283/18,132,1/1/2021,
2835/21,598,1/7/2021,
284/13,121,1/17/2021,
284/17,190,1/6/2021,
284/19,98,1/5/2021,
284/20,113,1/27/2021,
284/20,107,1/18/2021,
284/20,113,1/15/2021,
284/20,99,1/11/2021,
284/20,110,1/8/2021,
284/20,103,1/4/2021,
285/18,949,1/15/2021,
286/03,222,1/7/2021,
286/20,619,1/5/2021,
288/13,100,1/7/2021,
288/17,131,1/14/2021,
288/20,1085,1/4/2021,
288/20,100,1/1/2021,
289/10?,717,1/22/2021,
2890/21,50,1/7/2021,
2894/21,599,1/7/2021,
29/04,661,1/5/2021,
290/19,538,1/6/2021,
290/20,808,1/5/2021,
291/18,163,1/17/2021,
292/20,694,1/5/2021,
293/14,762,1/19/2021,
293/17,129,1/10/2021,
295/00,58,1/12/2021,
295/19,210,1/27/2021,
296/19,871,1/26/2021,
297/16,510,1/16/2021,
297/17,106,1/19/2021,
297/19,1143,1/4/2021,
298/20,88,1/26/2021,
299/06,691,1/4/2021,
299/13,470,1/13/2021,
299/19,814,1/5/2021,
30/07,66,1/14/2021,
30/07,1239,1/6/2021,
30/20,987,1/7/2021,
30/21,183,1/21/2021,
30/21,1158,1/19/2021,
300/16,778,1/4/2021,
301/19,414,1/25/2021,
301/19,348,1/7/2021,
302/20,744,1/6/2021,
303/21,358,1/7/2021,
3030/20,231,1/8/2021,
305/11,52,1/4/2021,
305/16,180,1/24/2021,
31/04,130,1/14/2021,
31/20,372,1/17/2021,
31/21,621,1/21/2021,
312/16,374,1/25/2021,
312/20,938,1/4/2021,
313/19,101,1/26/2021,
313/19,99,1/12/2021,
316/12,223,1/26/2021,
318/14,653,1/22/2021,
32/19,1091,1/6/2021,
32/19,1084,1/6/2021,
32/21,68,1/13/2021,
32/21,258,1/11/2021,
320/18,1124,1/5/2021,
322/17,372,1/13/2021,
322/9,62,1/7/2021,
324/14,131,1/21/2021,
325/20,479,1/6/2021,
327/17,446,1/13/2021,
3275/21,867,1/14/2021,
328/02,306,1/7/2021,
329/16,188,1/21/2021,
33/20,856,1/6/2021,
33/20,804,1/2/2021,
3306/21,62,1/8/2021,
331/19,418,1/7/2021,
332/18,81,1/5/2021,
332/19,220,1/21/2021,
333/18,615,1/27/2021,
334/07,682,1/7/2021,
3351/21,222,1/20/2021,
336/05,90,1/21/2021,
338/14,104,1/3/2021,
338/18,194,1/14/2021,
338/19,211,1/27/2021,
34/04,432,1/5/2021,
34/12,78,1/27/2021,
34/19,80,1/15/2021,
34/20,121,1/29/2021,
34/20,132,1/1/2021,
340/00,210,1/28/2021,
340/00,175,1/12/2021,
340/09,64,1/7/2021,
340/17,81,1/19/2021,
340/20,518,1/31/2021,
342/08,71,1/19/2021,
345/17,131,1/18/2021,
345/19,78,1/24/2021,
345/20,154,1/11/2021,
3461/21,609,1/11/2021,
347/20,54,1/11/2021,
349..?,934,1/2/2021,
349/15,61,1/6/2021,
349/19,156,1/17/2021,
35/21,437,1/15/2021,
350/18,131,1/29/2021,
350/18,143,1/25/2021,
350/18,161,1/22/2021,
350/18,197,1/18/2021,
350/18,217,1/15/2021,
350/19,706,1/4/2021,
351/06,132,1/5/2021,
351/20,116,1/18/2021,
351/20,427,1/5/2021,
352/18,92,1/14/2021,
352/20,744,1/6/2021,
353/06,117,1/14/2021,
353/16,693,1/6/2021,
3544/204,662,1/10/2021,
3566/20,151,1/9/2021,
357/18,922,1/5/2021,
357/20,217,1/27/2021,
357/20,1149,1/6/2021,
358/12,102,1/31/2021,
36/20,990,1/5/2021,
360/17,114,1/21/2021,
360/20,128,1/2/2021,
361/16,121,1/24/2021,
361/19,359,1/18/2021,
362/04,188,1/10/2021,
362/06,95,1/21/2021,
362/15,993,1/7/2021,
362/17,674,1/18/2021,
362/20,81,1/30/2021,
3620/20,69,1/14/2021,
3620/20,75,1/4/2021,
363/13,171,1/12/2021,
363/19,102,1/19/2021,
364/13,556,1/4/2021,
365/20,70,1/26/2021,
365/20,649,1/6/2021,
366/16,1229,1/4/2021,
366/19,87,1/7/2021,
367/12,460,1/7/2021,
367/13,121,1/31/2021,
367/13,111,1/3/2021,
367/2007,80,1/24/2021,
368/05,132,1/20/2021,
368/17,817,1/4/2021,
369/11,378,1/7/2021,
369/13,1049,1/6/2021,
369/19,992,1/11/2021,
37/21,272,1/26/2021,
37/21,213,1/12/2021,
37/21.,285,1/12/2021,
370/10,78,1/24/2021,
370/17,75,1/20/2021,
372/13,827,1/5/2021,
374/15,791,1/7/2021,
3747/20,34,1/1/2021,
375/09,137,1/17/2021,
376/19,117,1/12/2021,
3766/21,1165,1/9/2021,
377/16,122,1/21/2021,
377/16,94,1/21/2021,
378/17,70,1/18/2021,
378/19,110,1/12/2021,
379/15,773,1/4/2021,
379/17,986,1/4/2021,
379/18,177,1/12/2021,
38/00,113,1/26/2021,
38/16,261,1/18/2021,
38/19,649,1/13/2021,
38/20,186,1/18/2021,
38/20,503,1/8/2021,
380/08,1248,1/4/2021,
381/15,155,1/26/2021,
381/15,155,1/18/2021,
381/15,132,1/14/2021,
382/19,948,1/6/2021,
382/20,704,1/4/2021,
3821/21,98,1/14/2021,
383/18,690,1/18/2021,
383/19,475,1/20/2021,
385/17,197,1/25/2021,
385/18,310,1/26/2021,
385/19,864,1/5/2021,
386/19,320,1/27/2021,
386/20,70,1/12/2021,
387/19,1077,1/20/2021,
387/20,989,1/6/2021,
388/07,221,1/24/2021,
388/07,236,1/19/2021,
388/07,268,1/12/2021,
388/18,639,1/20/2021,
388/20,164,1/4/2021,
389/02,158,1/1/2021,
389/17,1158,1/7/2021,
39/16,521,1/10/2021,
39/21,598,1/21/2021,
39/21,522,1/15/2021,
39/21,521,1/12/2021,
390/08,179,1/19/2021,
390/18,155,1/7/2021,
391/17,151,1/5/2021,
392/08,100,1/1/2021,
393/20,101,1/12/2021,
394/16,153,1/11/2021,
394/19,513,1/14/2021,
395/18,782,1/7/2021,
396/00,103,1/21/2021,
398/03,126,1/3/2021,
398/14,1104,1/28/2021,
398/14,1347,1/4/2021,
398/20,853,1/7/2021,
399/13,673,1/10/2021,
3992/21,736,1/11/2021,
40/00,273,1/18/2021,
40/20,182,1/18/2021,
401/16,723,1/3/2021,
401/17,1095,1/11/2021,
401/20,741,1/13/2021,
403/16,1224,1/6/2021,
403/20,732,1/27/2021,
404/15,832,1/15/2021,
405/10,648,1/4/2021,
405/20,716,1/22/2021,
407/03,98,1/7/2021,
407/18,1085,1/24/2021,
407/20,869,1/1/2021,
4083/21,127,1/10/2021,
41/14,672,1/7/2021,
41/20,213,1/18/2021,
410/20,122,1/26/2021,
412/20,482,1/20/2021,
415/15,810,1/26/2021,
415/15,972,1/12/2021,
415/17,1040,1/4/2021,
415/20,76,1/14/2021,
42/10,97,1/3/2021,
420/19,1557,1/11/2021,
421/19,979,1/6/2021,
421/20,101,1/21/2021,
423/14,952,1/23/2021,
423/14,910,1/4/2021,
423/16,117,1/21/2021,
423/17,625,1/22/2021,
424/19,1026,1/7/2021,
425/04,153,1/7/2021,
425/18,721,1/5/2021,
425/19,1156,1/11/2021,
427/11,978,1/5/2021,
427/11.,1020,1/5/2021,
427/12,79,1/25/2021,
427/18,1113,1/10/2021,
427/18,1296,1/7/2021,
4275/21,1086,1/11/2021,
429/19,481,1/1/2021,
43/10,336,1/12/2021,
43/14,1291,1/7/2021,
43/21,604,1/20/2021,
43/21,97,1/18/2021,
430/10,441,1/5/2021,
430/19,52,1/14/2021,
431/20,434,1/5/2021,
432/17,101,1/12/2021,
432/18,864,1/6/2021,
433/09,177,1/13/2021,
434/17,175,1/24/2021,
435/18,225,1/20/2021,
436/18,621,1/8/2021,
437/20,484,1/4/2021,
438/06,1133,1/5/2021,
438/148,180,1/5/2021,
438/17,516,1/4/2021,
438/19,88,1/14/2021,
438/20,119,1/15/2021,
439/01,122,1/10/2021,
44/19,98,1/26/2021,
44/19,99,1/1/2021,
44/20,140,1/26/2021,
44/20,139,1/19/2021,
44/20,157,1/17/2021,
44/20,160,1/11/2021,
44/20,181,1/6/2021,
44/20,189,1/5/2021,
44/21,60,1/18/2021,
440/18,1313,1/6/2021,
440/20,794,1/6/2021,
441/20,578,1/27/2021,
443/03,232,1/21/2021,
444/18,813,1/8/2021,
444/20,265,1/10/2021,
445/14,108,1/31/2021,
445/14,121,1/3/2021,
445/19,99,1/11/2021,
446/07,77,1/26/2021,
446/07,73,1/12/2021,
446/18,114,1/17/2021,
447/17,106,1/25/2021,
448/17,68,1/12/2021,
449/20,765,1/2/2021,
45/21,599,1/27/2021,
45/21,72,1/18/2021,
450/15,141,1/27/2021,
450/15,111,1/7/2021,
451/17,146,1/6/2021,
452/13,860,1/4/2021,
455/12,923,1/5/2021,
456/20,131,1/13/2021,
457/19,105,1/17/2021,
457/20,1063,1/1/2021,
459/11,443,1/12/2021,
459/20,264,1/27/2021,
46/21,205,1/20/2021,
461/12,336,1/20/2021,
462/20,1464,1/7/2021,
463/18,566,1/6/2021,
463/20,309,1/6/2021,
4661/20,545,1/11/2021,
467/20,183,1/5/2021,
468/18,130,1/25/2021,
468/19,69,1/4/2021,
468/20,672,1/6/2021,
469/18,1114,1/18/2021,
47/19,956,1/6/2021,
47/19,715,1/1/2021,
470/07,52,1/17/2021,
470/13,172,1/17/2021,
470/5,257,1/26/2021,
471/02,118,1/12/2021,
471/15,82,1/12/2021,
471/17,127,1/26/2021,
471/20,913,1/12/2021,
472/18,127,1/26/2021,
472/20,495,1/6/2021,
474/20,279,1/31/2021,
475/18,51,1/26/2021,
4790/21,613,1/11/2021,
48/18,108,1/15/2021,
48/20,305,1/14/2021,
48/21,295,1/22/2021,
48/21,43,1/18/2021,
480/16,131,1/27/2021,
480/16,120,1/5/2021,
480/16,115,1/1/2021,
481/17,591,1/4/2021,
481/19,449,1/20/2021,
482/20,427,1/3/2021,
483/16,1093,1/4/2021,
484/07,791,1/5/2021,
485/14,491,1/18/2021,
485/19,956,1/18/2021,
486/120,449,1/21/2021,
486/19,480,1/15/2021,
486/19,89,1/8/2021,
486/19,657,1/6/2021,
486/20,448,1/7/2021,
488/15,481,1/19/2021,
488/19,916,1/4/2021,
488/20.,320,1/7/2021,
49/05,1298,1/6/2021,
49/19,99,1/26/2021,
49/19,121,1/7/2021,
49/21,582,1/21/2021,
49/21,735,1/16/2021,
492/19,752,1/5/2021,
492/20,657,1/11/2021,
493/21,241,1/11/2021,
494/17,1006,1/6/2021,
495/20,1260,1/4/2021,
499/21,447,1/9/2021,
50/15,76,1/7/2021,
50/20,509,1/6/2021,
501/20,755,1/21/2021,
502/14,253,1/4/2021,
505/11,1331,1/4/2021,
507/16,114,1/12/2021,
5080/21,379,1/13/2021,
509/17,60,1/14/2021,
51/20,534,1/4/2021,
510/15,294,1/26/2021,
511/20,429,1/13/2021,
512/21,125,1/8/2021,
513/19,159,1/4/2021,
514/07,89,1/7/2021,
515/01,47,1/10/2021,
516/15,67,1/12/2021,
516/16,241,1/12/2021,
518/20,159,1/17/2021,
519/17,110,1/17/2021,
52/07,87,1/31/2021,
52/8,175,1/6/2021,
520/01,526,1/5/2021,
520/20,490,1/13/2021,
520/20,473,1/1/2021,
521/18,150,1/7/2021,
522/20,206,1/5/2021,
523/17,851,1/11/2021,
523/20,82,1/5/2021,
5236/21,110,1/12/2021,
524/14,58,1/18/2021,
526/16,69,1/10/2021,
526/20,796,1/19/2021,
528/18,436,1/6/2021,
529/20,60,1/17/2021,
53/12,244,1/26/2021,
53/20,776,1/18/2021,
53/20,132,1/14/2021,
530/14,85,1/21/2021,
530/19,704,1/4/2021,
531/19,189,1/7/2021,
5336/21,230,1/19/2021,
535/01,412,1/4/2021,
535/19,727,1/11/2021,
535/19,1142,1/6/2021,
537/19,54,1/22/2021,
538/19,238,1/8/2021,
538/20,1123,1/12/2021,
54/18,133,1/19/2021,
54/21,171,1/31/2021,
540/15,117,1/5/2021,
540/19,118,1/7/2021,
541/04,126,1/21/2021,
541/19,539,1/5/2021,
542/419,235,1/18/2021,
544/16,877,1/5/2021,
544/19,79,1/17/2021,
545/20,83,1/29/2021,
546/13,76,1/31/2021,
547/13,91,1/11/2021,
547/16,111,1/10/2021,
5475/21,321,1/16/2021,
548/17,137,1/13/2021,
549/16,109,1/21/2021,
549/19,187,1/13/2021,
55/16,941,1/5/2021,
55/17,599,1/20/2021,
55/19,132,1/14/2021,
55`,67,1/13/2021,
5508/13,508,1/1/2021,
551/12,114,1/27/2021,
553/15,994,1/5/2021,
555/21,53,1/14/2021,
556/19,1112,1/4/2021,
5560/21,47,1/21/2021,
5560/21,71,1/14/2021,
558/15,68,1/18/2021,
56/21,606,1/20/2021,
561/17,318,1/7/2021,
562/01,773,1/4/2021,
562/17,253,1/26/2021,
566/08,356,1/10/2021,
567/17,1257,1/4/2021,
567/19,164,1/21/2021,
569/19,566,1/7/2021,
569/19,142,1/3/2021,
57/08,796,1/4/2021,
57/12,127,1/7/2021,
57/17,187,1/6/2021,
57/20,100,1/8/2021,
57/21,67,1/21/2021,
570/19,819,1/18/2021,
570/19,335,1/7/2021,
570/20,213,1/27/2021,
5700/21,668,1/16/2021,
5709/21,705,1/13/2021,
573/15,354,1/19/2021,
574/15,79,1/21/2021,
575/19,745,1/15/2021,
575/20,356,1/28/2021,
575/20,506,1/14/2021,
576/18,936,1/16/2021,
5766/21,587,1/14/2021,
5769/21,283,1/14/2021,
578/13,351,1/12/2021,
578/19,580,1/20/2021,
578/20,1099,1/4/2021,
579/16,202,1/6/2021,
579/18,58,1/11/2021,
58/10,1035,1/4/2021,
58/11,559,1/18/2021,
58/16,938,1/20/2021,
58/20,152,1/31/2021,
58/20,147,1/12/2021,
58/20,156,1/6/2021,
580/15,945,1/6/2021,
580/20,169,1/1/2021,
581/12,115,1/10/2021,
581/20,813,1/5/2021,
5816/20,445,1/22/2021,
5816/21,379,1/21/2021,
5816/21,614,1/19/2021,
5818/21,508,1/18/2021,
582/16,934,1/13/2021,
582/18,561,1/5/2021,
582/18,575,1/1/2021,
5843/21,503,1/14/2021,
585/12,105,1/10/2021,
585/17,90,1/5/2021,
586/19,843,1/6/2021,
586/20,241,1/5/2021,
587/12,84,1/14/2021,
5879/21,969,1/16/2021,
589/20,555,1/7/2021,
59/21,350,1/19/2021,
591/19,268,1/20/2021,
591/20,276,1/13/2021,
591/2003,90,1/26/2021,
593/18,1937,1/1/2021,
593/19,681,1/4/2021,
594/13,279,1/20/2021,
595/18,891,1/13/2021,
595/19,773,1/6/2021,
596/20,488,1/26/2021,
597/17,502,1/4/2021,
597/21,372,1/6/2021,
598/15,124,1/6/2021,
598/17,832,1/7/2021,
598/20,178,1/5/2021,
60/15,806,1/4/2021,
60/19,115,1/2/2021,
60/20,134,1/5/2021,
60/21,595,1/25/2021,
601/16,1019,1/7/2021,
6022/21,72,1/24/2021,
603/20,518,1/1/2021,
604/14,100,1/12/2021,
604/18,380,1/21/2021,
606/19,628,1/5/2021,
606/21,133,1/21/2021,
607/12,1166,1/6/2021,
607/18,178,1/25/2021,
607/20,93,1/19/2021,
6072`,74,1/14/2021,
608/15,999,1/7/2021,
608/15,310,1/3/2021,
608/18,680,1/5/2021,
608/18,1137,1/1/2021,
608/20,768,1/5/2021,
608/4,282,1/10/2021,
609/20,478,1/20/2021,
609/418,561,1/5/2021,
61/12,91,1/26/2021,
61/20,680,1/11/2021,
61/21,349,1/25/2021,
610/12,120,1/27/2021,
611/17,332,1/11/2021,
611/21,159,1/25/2021,
612/17,183,1/11/2021,
613/06,50,1/31/2021,
613/11,82,1/26/2021,
613/20,331,1/20/2021,
613/20,121,1/15/2021,
614/19,563,1/14/2021,
614/20,53,1/11/2021,
6145/21,1042,1/18/2021,
615/05,134,1/24/2021,
615/20,974,1/5/2021,
616/05,151,1/1/2021,
616/11,69,1/21/2021,
616/16,763,1/6/2021,
617/11,210,1/24/2021,
617/19,156,1/26/2021,
617/19,801,1/5/2021,
618/18,104,1/12/2021,
618/18,101,1/5/2021,
619/16,396,1/18/2021,
619/17,468,1/7/2021,
62/00,141,1/4/2021,
62/20,118,1/22/2021,
62/20,283,1/11/2021,
620/20,796,1/5/2021,
621/14,311,1/4/2021,
621/20,450,1/9/2021,
622/14,355,1/6/2021,
622/15,916,1/5/2021,
622/17,1047,1/5/2021,
623/18,485,1/4/2021,
623/20,170,1/20/2021,
624/18,148,1/31/2021,
626/13,616,1/13/2021,
626/13,584,1/2/2021,
627/12,425,1/25/2021,
628/16,832,1/4/2021,
629/01,645,1/10/2021,
629/18,956,1/5/2021,
629/20,96,1/12/2021,
63/20,516,1/12/2021,
63/21,284,1/20/2021,
630/18,849,1/15/2021,
630/2021,59,1/3/2021,
630/21,55,1/31/2021,
630/21,66,1/28/2021,
631/17,100,1/21/2021,
632/17,347,1/20/2021,
632/20,107,1/15/2021,
633/20,1392,1/6/2021,
635/19,1103,1/4/2021,
635/20,96,1/28/2021,
6355/21,100,1/25/2021,
6358/21,74,1/22/2021,
637/03,78,1/5/2021,
637/11,184,1/12/2021,
637/18,1081,1/8/2021,
638/20,101,1/19/2021,
639/19,1231,1/6/2021,
639/20,604,1/19/2021,
64/20,669,1/18/2021,
64/21,234,1/26/2021,
64/21,494,1/20/2021,
641/20,93,1/19/2021,
642/17,810,1/4/2021,
643/20,745,1/5/2021,
643/20.,569,1/5/2021,
644/19,70,1/10/2021,
645/18,287,1/5/2021,
645/18.,254,1/5/2021,
646/17,229,1/6/2021,
646/19,1592,1/12/2021,
65/20,112,1/7/2021,
65/21,428,1/20/2021,
650/15,51,1/20/2021,
650/20,346,1/25/2021,
651/11,888,1/7/2021,
652/15,149,1/20/2021,
652/16,76,1/17/2021,
652/18,816,1/13/2021,
652/19,118,1/19/2021,
652/19,128,1/12/2021,
655/12,103,1/21/2021,
655/17,45,1/28/2021,
655/19,362,1/25/2021,
656/16,691,1/5/2021,
656/17,109,1/26/2021,
656/19,694,1/20/2021,
658/06,161,1/24/2021,
658/15,551,1/19/2021,
659/01,239,1/12/2021,
659/20,232,1/27/2021,
66/21,379,1/27/2021,
66/21,199,1/20/2021,
661/13,232,1/11/2021,
661/20,212,1/11/2021,
663/19,1317,1/6/2021,
663/20,358,1/27/2021,
664/05,767,1/5/2021,
664/19,342,1/7/2021,
666/13,819,1/5/2021,
666/19,723,1/9/2021,
667/13,776,1/7/2021,
667/19,115,1/21/2021,
668/14,98,1/18/2021,
67/21,683,1/20/2021,
670/15,384,1/25/2021,
670/21,58,1/29/2021,
671/03,394,1/24/2021,
6710/21,89,1/17/2021,
672/16,1157,1/6/2021,
672/16,1389,1/4/2021,
673/15,92,1/4/2021,
673/20,76,1/12/2021,
675/13,105,1/12/2021,
675/17,68,1/31/2021,
675/17,75,1/3/2021,
675/18,305,1/27/2021,
675/20,426,1/6/2021,
676/15,92,1/21/2021,
6767/21,1619,1/16/2021,
68/15,85,1/7/2021,
680/18,142,1/10/2021,
681/18,826,1/7/2021,
681/18,708,1/1/2021,
681/19,841,1/12/2021,
681/20,721,1/4/2021,
682/20,400,1/31/2021,
682/20,396,1/3/2021,
684/16,395,1/13/2021,
684/18,117,1/7/2021,
685/15,158,1/19/2021,
687/18,159,1/14/2021,
689/06,340,1/10/2021,
690/14,89,1/7/2021,
694/18,132,1/19/2021,
696/17,105,1/7/2021,
696/18,146,1/27/2021,
696/18,148,1/20/2021,
696/18,157,1/11/2021,
696/18,164,1/8/2021,
696/18,142,1/4/2021,
696/18,159,1/1/2021,
696/89,69,1/14/2021,
697/08,162,1/19/2021,
697/16,91,1/5/2021,
698/16,1225,1/6/2021,
698/19,1495,1/5/2021,
698/20,723,1/7/2021,
70/05,91,1/11/2021,
701/01,92,1/9/2021,
703/18,578,1/5/2021,
703/20,166,1/24/2021,
703/20,177,1/21/2021,
703/20,155,1/13/2021,
703/20,174,1/7/2021,
703/20,164,1/6/2021,
705/19,473,1/12/2021,
706/15,709,1/5/2021,
706/15,985,1/1/2021,
707/20,865,1/4/2021,
708/20,1166,1/6/2021,
708/20,1124,1/2/2021,
709/20,402,1/12/2021,
71/15,81,1/17/2021,
71/18,546,1/15/2021,
71/19,86,1/25/2021,
71/21,50,1/29/2021,
710/16,1457,1/6/2021,
7100/21,42,1/24/2021,
7100/21,48,1/21/2021,
711/18,79,1/8/2021,
711/20,378,1/13/2021,
712/19,364,1/31/2021,
712/19,374,1/3/2021,
715/20,439,1/6/2021,
717/21,60,1/22/2021,
72/21,159,1/29/2021,
720/19,874,1/5/2021,
721/18,159,1/5/2021,
721/19,100,1/21/2021,
721/20,639,1/1/2021,
722/15,81,1/10/2021,
722/17,90,1/12/2021,
724/17,226,1/13/2021,
725/20,176,1/5/2021,
726/15,109,1/31/2021,
726/15,130,1/13/2021,
726/19,200,1/18/2021,
73/17Q,795,1/6/2021,
730/16,59,1/26/2021,
731/15,209,1/4/2021,
735/02,288,1/12/2021,
737/20,154,1/27/2021,
737/20,129,1/19/2021,
739/20,164,1/18/2021,
74/17,668,1/4/2021,
74/20,369,1/18/2021,
7402/21..,858,1/18/2021,
741/08,171,1/19/2021,
743/17,314,1/25/2021,
743/18,1071,1/4/2021,
743/20,387,1/20/2021,
747/19,906,1/5/2021,
747/20,73,1/26/2021,
749/20,508,1/21/2021,
75/19,80,1/8/2021,
75/20,1324,1/8/2021,
75/20,1313,1/6/2021,
75/20.,828,1/8/2021,
750/15,643,1/1/2021,
752/14,96,1/3/2021,
752/18,156,1/7/2021,
752/19,926,1/11/2021,
753/17,101,1/5/2021,
756/16,105,1/25/2021,
757/17,59,1/21/2021,
757/17,1213,1/6/2021,
757/18,724,1/17/2021,
759/19,937,1/4/2021,
76/01,359,1/30/2021,
76/01,354,1/20/2021,
76/19,221,1/27/2021,
761/14,74,1/3/2021,
761/15,64,1/24/2021,
761/18,539,1/22/2021,
762/16,80,1/12/2021,
763/01,1269,1/14/2021,
763/16,638,1/5/2021,
763/17,408,1/25/2021,
764/15,108,1/10/2021,
765/19,188,1/11/2021,
766/14,211,1/7/2021,
767/18,343,1/12/2021,
77/07,63,1/25/2021,
77/14,878,1/7/2021,
77/21,744,1/25/2021,
770/13,49,1/7/2021,
771/07,80,1/11/2021,
771/13,240,1/18/2021,
771/20,1110,1/4/2021,
774/17,781,1/5/2021,
775/16,59,1/26/2021,
7750/21,799,1/18/2021,
776/14,1524,1/7/2021,
776/15,53,1/6/2021,
776/18,553,1/4/2021,
778/19,130,1/29/2021,
778/19,125,1/25/2021,
778/19,136,1/22/2021,
778/19,140,1/18/2021,
778/19,130,1/15/2021,
778/19,144,1/11/2021,
778/19,162,1/8/2021,
778/19,193,1/4/2021,
778/19,309,1/1/2021,
780/15,360,1/11/2021,
780/19,165,1/5/2021,
780/20,233,1/15/2021,
781/12,145,1/27/2021,
781/18,834,1/22/2021,
782/18,162,1/5/2021,
783/20,123,1/25/2021,
783/20,133,1/22/2021,
783/20,129,1/18/2021,
783/20,131,1/15/2021,
783/20,124,1/13/2021,
783/20,114,1/8/2021,
784/08,112,1/21/2021,
785/20,1177,1/6/2021,
787/20,821,1/13/2021,
787/20,119,1/4/2021,
7889/21,129,1/27/2021,
7889/21,195,1/24/2021,
789/19,602,1/20/2021,
79/21,884,1/25/2021,
791/07,134,1/7/2021,
791/18,84,1/19/2021,
791/18,722,1/4/2021,
791/20,357,1/20/2021,
792/12,204,1/10/2021,
792/15,160,1/31/2021,
792/20,400,1/6/2021,
793/06,830,1/4/2021,
793/16,113,1/21/2021,
793/20,280,1/6/2021,
794/16,823,1/4/2021,
794/20,335,1/12/2021,
795/19,1122,1/5/2021,
795/20,335,1/6/2021,
796/11,907,1/11/2021,
796/20,405,1/1/2021,
799/18,742,1/5/2021,
80/16,69,1/5/2021,
801/20,128,1/28/2021,
802/17,871,1/4/2021,
803/20,94,1/19/2021,
805/17,794,1/6/2021,
805/18,902,1/4/2021,
805/20,122,1/7/2021,
806/02,325,1/11/2021,
806/16,240,1/7/2021,
807/12,100,1/19/2021,
807/12,99,1/12/2021,
807/16,96,1/7/2021,
807/19,108,1/28/2021,
809/15,1132,1/4/2021,
809/16,950,1/6/2021,
811/18,764,1/5/2021,
8114/21,493,1/19/2021,
813/08,848,1/6/2021,
815/01,352,1/4/2021,
818/13,170,1/17/2021,
819/04,58,1/26/2021,
819/15,140,1/21/2021,
82/18,299,1/27/2021,
82/20,496,1/6/2021,
82/20,558,1/1/2021,
820/14,80,1/3/2021,
822/19,719,1/6/2021,
823/20,338,1/20/2021,
825/19,641,1/4/2021,
826/19,114,1/26/2021,
826/19,136,1/19/2021,
826/19,113,1/12/2021,
826/20,161,1/14/2021,
827/12,582,1/6/2021,
828/19,829,1/9/2021,
830/12,94,1/12/2021,
830/17,142,1/12/2021,
831/14,246,1/11/2021,
831/16,649,1/24/2021,
835/19.,1126,1/6/2021,
836/10,829,1/5/2021,
836/16,590,1/4/2021,
837/04,101,1/8/2021,
837/16,1402,1/11/2021,
838/20,619,1/28/2021,
839/20,76,1/6/2021,
84/06,120,1/7/2021,
84/19,101,1/22/2021,
844/20,814,1/6/2021,
844/20,742,1/4/2021,
845/18,1194,1/6/2021,
846/11,498,1/7/2021,
846/18,123,1/7/2021,
847/17,110,1/8/2021,
847/20,231,1/12/2021,
848/17,140,1/25/2021,
848/20,221,1/7/2021,
849/17,126,1/26/2021,
849/19,144,1/21/2021,
85/21,362,1/27/2021,
850/07,1479,1/5/2021,
850/20,214,1/22/2021,
850/20,620,1/12/2021,
851/13,118,1/19/2021,
851/20,619,1/27/2021,
851/20,152,1/5/2021,
853/13,1034,1/4/2021,
853/19,565,1/5/2021,
854/19,500,1/14/2021,
858/14,75,1/12/2021,
859/19,931,1/2/2021,
86/21,337,1/27/2021,
862/18,739,1/1/2021,
863/15,1063,1/4/2021,
863/16,724,1/4/2021,
863/17,696,1/6/2021,
864/18,146,1/13/2021,
865/13,174,1/25/2021,
865/19,604,1/29/2021,
866/08,99,1/19/2021,
866/10,147,1/5/2021,
866/12,161,1/9/2021,
867/20,332,1/8/2021,
869/15,252,1/19/2021,
87/17,639,1/7/2021,
87/19,162,1/5/2021,
87/21,436,1/27/2021,
870/19,241,1/11/2021,
871/17,246,1/4/2021,
871/19,477,1/20/2021,
872/11,261,1/29/2021,
872/11,303,1/3/2021,
872/12,93,1/5/2021,
872/19,94,1/24/2021,
873/18,315,1/27/2021,
873/19,967,1/8/2021,
874/17,81,1/10/2021,
874/19,115,1/4/2021,
875/20,272,1/30/2021,
877/20,82,1/31/2021,
877/20,98,1/5/2021,
878/17,740,1/6/2021,
878/20,821,1/25/2021,
878/20,86,1/24/2021,
879/18,150,1/3/2021,
879/19,244,1/10/2021,
879/20,73,1/12/2021,
88/14,120,1/12/2021,
88/21,304,1/27/2021,
880/20,153,1/24/2021,
881/15,47,1/20/2021,
884/14,62,1/4/2021,
884/19,672,1/4/2021,
885/09,66,1/13/2021,
887/14,829,1/11/2021,
887/2021,130,1/3/2021,
89/16,109,1/31/2021,
89/16,105,1/3/2021,
89/20,777,1/11/2021,
89/21,639,1/27/2021,
890/15,931,1/26/2021,
890/15,699,1/19/2021,
890/15,647,1/5/2021,
890/20,794,1/6/2021,
891/18,1103,1/6/2021,
892/13,283,1/4/2021,
892/18,683,1/6/2021,
892/19,457,1/6/2021,
893/20,688,1/5/2021,
895/08,164,1/10/2021,
895/20,470,1/28/2021,
897/11,140,1/11/2021,
897/16,149,1/26/2021,
899/17,70,1/10/2021,
90/20,970,1/5/2021,
901/11,113,1/3/2021,
901/16,820,1/4/2021,
901/17,247,1/31/2021,
901/18,91,1/10/2021,
902/20,316,1/28/2021,
905/19,329,1/7/2021,
906/10,118,1/19/2021,
906/20,131,1/29/2021,
907/20,404,1/6/2021,
908/18,857,1/6/2021,
909/13,576,1/22/2021,
909/19,103,1/27/2021,
909/19,98,1/18/2021,
909/19,101,1/13/2021,
909/19,118,1/5/2021,
909/19,105,1/1/2021,
91/08,402,1/19/2021,
91/17,228,1/23/2021,
91/21,388,1/27/2021,
910/19,169,1/20/2021,
910/20,715,1/6/2021,
911/15,918,1/5/2021,
912/20,681,1/4/2021,
914/20,58,1/2/2021,
915/16,1133,1/6/2021,
915/6,60,1/21/2021,
916/15,616,1/31/2021,
916/15,746,1/6/2021,
916/15,902,1/3/2021,
916/19,187,1/4/2021,
917/17,80,1/19/2021,
918/20,436,1/7/2021,
918/20,363,1/2/2021,
919/20,731,1/13/2021,
92/09,63,1/26/2021,
92/19,229,1/5/2021,
920/19,774,1/5/2021,
921/17,896,1/8/2021,
922/20,198,1/8/2021,
923/20,122,1/22/2021,
926/14,120,1/17/2021,
926/20,123,1/26/2021,
927/18,139,1/21/2021,
927/20,130,1/26/2021,
927/20,128,1/20/2021,
927/20,122,1/13/2021,
927/20,143,1/6/2021,
928/20,569,1/25/2021,
928/20,84,1/1/2021,
929/04,142,1/20/2021,
929/15,750,1/4/2021,
93/03,431,1/10/2021,
93/12,86,1/5/2021,
93/17,312,1/27/2021,
93/20,50,1/26/2021,
93/20,525,1/20/2021,
93/21,255,1/28/2021,
931/18,157,1/11/2021,
932/18,78,1/25/2021,
932/19,163,1/4/2021,
935/13,67,1/26/2021,
936/16,927,1/6/2021,
937/15,83,1/11/2021,
938/19,488,1/1/2021,
938/20,203,1/28/2021,
938/20,399,1/13/2021,
939/13,480,1/11/2021,
940/14,492,1/17/2021,
9409/21,362,1/23/2021,
941/06,77,1/12/2021,
942/16,182,1/14/2021,
943/12,120,1/3/2021,
945/19,1242,1/5/2021,
946/19,252,1/19/2021,
948/15,133,1/12/2021,
949/20,260,1/4/2021,
95/12,51,1/12/2021,
95/18,485,1/5/2021,
952/19,277,1/5/2021,
9571/51,70,1/27/2021,
958/16,676,1/6/2021,
959/18,52,1/17/2021,
959/18,837,1/6/2021,
959/19,681,1/7/2021,
959/20,471,1/20/2021,
96/08,991,1/6/2021,
96/19,105,1/11/2021,
962/19,778,1/8/2021,
963/13,415,1/6/2021,
963/13,895,1/5/2021,
964/10,629,1/24/2021,
965/19,665,1/24/2021,
966/20,111,1/21/2021,
966/20,97,1/13/2021,
966/20,133,1/9/2021,
966/20,173,1/5/2021,
969/17,1286,1/5/2021,
969/18,928,1/5/2021,
970/19,608,1/12/2021,
970/19.,614,1/12/2021,
971/17,87,1/31/2021,
971/19,1378,1/4/2021,
972/19,393,1/18/2021,
973/18,273,1/27/2021,
974/16,132,1/19/2021,
975/09,64,1/5/2021,
975/18,1440,1/13/2021,
975/20,350,1/18/2021,
979/03,401,1/6/2021,
98/20,1679,1/6/2021,
98/21,1624,1/2/2021,
980/19,985,1/31/2021,
980/19,798,1/15/2021,
980/19,771,1/3/2021,
981/13,691,1/8/2021,
981/13,562,1/1/2021,
981/20,335,1/27/2021,
982/16,111,1/17/2021,
983/14,126,1/7/2021,
983/17,80,1/11/2021,
984/20,702,1/28/2021,
984/20,812,1/6/2021,
985/18,127,1/8/2021,
985/20,141,1/26/2021,
985/20,128,1/20/2021,
985/20,122,1/12/2021,
986/15,905,1/6/2021,
987/18,83,1/19/2021,
988/02,76,1/28/2021,
989/19,1112,1/5/2021,
990/19,151,1/21/2021,
990/20,60,1/12/2021,
992/16,98,1/14/2021,
993/18,1101,1/4/2021,
994/20,350,1/4/2021,
995/13,131,1/6/2021,
997/16,732,1/2/2021,
999/13,265,1/26/2021,
999/20,388,1/12/2021,
