19-Jan,14.5,3/23/2021
12-Feb,16,3/31/2021
1106/20,3.4,3/24/2021
166/19,4.2,3/10/2021
218/21,4.4,4/1/2021
1106/20,4.6,3/30/2021
411/20,4.6,3/12/2021
749/18,4.7,3/17/2021
411/20,4.9,3/23/2021
455/12,4.9,3/19/2021
411/20,5.4,3/15/2021
884/20,5.4,3/2/2021
389/17,5.6,3/9/2021
427/18,5.6,4/1/2021
975/18,5.6,3/14/2021
1010/19,5.7,3/24/2021
147/21,5.7,3/18/2021
517/19,5.7,3/2/2021
844/16,5.7,3/16/2021
844/20,5.7,3/20/2021
150/14,5.8,3/17/2021
1202/04,5.9,3/1/2021
297/19,5.9,3/13/2021
593/18,5.9,3/2/2021
1028/19,6,3/15/2021
1061/19,6,3/10/2021
1132/19,6,3/17/2021
238/20,6,3/17/2021
30/21,6,3/13/2021
780/20,6,3/17/2021
20-Oct,6.1,3/1/2021
1008/15,6.1,3/1/2021
1099/17,6.1,3/4/2021
1101/18,6.1,3/17/2021
1124/13,6.1,4/2/2021
15/20,6.1,3/12/2021
36112/21,6.1,3/24/2021
464/12,6.1,3/22/2021
862/19,6.1,3/11/2021
135/21,6.2,3/17/2021
223/19,6.2,3/4/2021
401/19,6.2,3/4/2021
425/19,6.2,3/18/2021
265/00,6.3,3/30/2021
34/04,6.3,3/2/2021
430/19,6.3,3/6/2021
538/21,6.3,3/5/2021
681/20,6.3,3/3/2021
1020/18,6.4,3/15/2021
1118/19,6.4,3/14/2021
113/20,6.4,3/16/2021
14/21,6.4,3/3/2021
193/17,6.4,3/1/2021
300/8,6.4,3/9/2021
918/20,6.4,3/3/2021
1042/17,6.5,3/15/2021
1055/19,6.5,3/9/2021
1061/19,6.5,3/5/2021
219/07,6.5,3/18/2021
33/16,6.5,3/12/2021
398/20,6.5,3/1/2021
477/15,6.5,4/1/2021
1108/20,6.6,3/30/2021
170/21,6.6,3/15/2021
67/21,6.6,3/17/2021
681/20,6.6,3/11/2021
802/17,6.6,3/6/2021
974/20,6.6,3/3/2021
101/20,6.7,3/3/2021
1055/13,6.7,3/24/2021
1109/17,6.7,3/2/2021
202/07,6.7,3/8/2021
339/20,6.7,3/6/2021
459/11,6.7,3/3/2021
1055/19,6.8,3/30/2021
1093/20,6.8,3/9/2021
114/19,6.8,3/4/2021
1190/20,6.8,3/6/2021
199/12,6.8,3/18/2021
33/20,6.8,3/24/2021
373/17,6.8,3/1/2021
757/18,6.8,3/9/2021
975/18,6.8,3/24/2021
1055/13,6.9,3/24/2021
1057/18,6.9,3/23/2021
1093/20,6.9,3/9/2021
152/19,6.9,3/16/2021
18/18,6.9,3/18/2021
334/07,6.9,3/10/2021
535/19,6.9,3/2/2021
84/20,6.9,3/10/2021
887/14,6.9,3/17/2021
100/21,7,3/1/2021
110/16,7,3/3/2021
112/20,7,3/10/2021
124/20,7,3/10/2021
194/20,7,3/9/2021
250/20,7,3/13/2021
261/21,7,3/22/2021
33/20,7,3/24/2021
352/20,7,3/1/2021
369/11,7,3/4/2021
911/15,7,3/9/2021
959/18,7,3/3/2021
1054/19,7.1,3/8/2021
1124/13,7.1,3/9/2021
159/16,7.1,3/3/2021
293/20,7.1,3/9/2021
300/16,7.1,3/5/2021
374/15,7.1,3/19/2021
401/19,7.1,4/1/2021
423/14,7.1,3/7/2021
604/20,7.1,3/18/2021
757/18,7.1,3/3/2021
89/20,7.1,3/17/2021
1124/19,7.2,4/1/2021
123/14,7.2,3/5/2021
252/20,7.2,3/4/2021
405/19,7.2,3/31/2021
414/20,7.2,3/31/2021
463/18,7.2,3/3/2021
58/10,7.2,3/4/2021
675/15,7.2,3/1/2021
835/19,7.2,3/8/2021
1068/19,7.3,3/17/2021
1083/18,7.3,3/1/2021
1145/20,7.3,3/31/2021
142/21,7.3,3/24/2021
160/11,7.3,3/16/2021
19/20,7.3,3/27/2021
195/20,7.3,3/13/2021
405/19,7.3,3/3/2021
47/19,7.3,3/2/2021
665/19,7.3,4/2/2021
1072/06,7.4,3/9/2021
1134/19,7.4,3/16/2021
212/21,7.4,3/10/2021
222/19,7.4,3/25/2021
232/19,7.4,3/19/2021
183/21,7.5,3/24/2021
380/08,7.5,3/5/2021
387/20,7.5,3/6/2021
471/20,7.5,3/11/2021
20-Jun,7.6,3/4/2021
1044/20,7.6,3/18/2021
1059/20,7.6,3/15/2021
1099/17,7.6,3/18/2021
170/21,7.6,3/1/2021
222/19,7.6,3/4/2021
282/19,7.6,3/10/2021
3099/21,7.6,3/9/2021
788/20,7.6,3/2/2021
967/20,7.6,3/1/2021
1056/17,7.7,3/3/2021
1098/17,7.7,3/4/2021
1569/19,7.7,3/10/2021
177/14,7.7,3/4/2021
183/21,7.7,3/24/2021
213/21,7.7,3/10/2021
47/19,7.7,3/14/2021
582/18,7.7,3/16/2021
639/19,7.7,3/2/2021
719/07,7.7,3/8/2021
727/20,7.7,3/13/2021
1079/20,7.8,3/13/2021
108/21,7.8,3/4/2021
128/18,7.8,3/2/2021
177/14,7.8,4/1/2021
181/21,7.8,3/17/2021
219/21,7.8,3/15/2021
222/19,7.8,3/30/2021
296/19,7.8,3/2/2021
362/17,7.8,3/12/2021
457/20,7.8,3/6/2021
570/19,7.8,3/15/2021
68/19,7.8,3/17/2021
707/10,7.8,3/9/2021
873/19,7.8,3/6/2021
980/19,7.8,3/28/2021
1077/18,7.9,3/2/2021
177/21,7.9,3/2/2021
252/20,7.9,4/1/2021
299/06,7.9,3/27/2021
462/20,7.9,3/23/2021
50/18,7.9,3/19/2021
57/20,7.9,3/11/2021
974/17,7.9,3/29/2021
1010/20,8,3/2/2021
108/21,8,3/31/2021
1096/01,8,3/16/2021
1201/13,8,3/29/2021
167/21,8,3/12/2021
202/21,8,3/12/2021
238/18,8,3/12/2021
265/00,8,3/15/2021
423/14,8,3/7/2021
427/11,8,3/30/2021
477/15,8,3/2/2021
524/04,8,4/2/2021
639/20,8,3/16/2021
672/16,8,3/3/2021
822/19,8,3/10/2021
850/07,8,3/2/2021
984/20,8,3/6/2021
1124/19,8.1,3/4/2021
146/21,8.1,4/1/2021
195/21,8.1,3/18/2021
20/21,8.1,3/5/2021
262/19,8.1,3/22/2021
300/21,8.1,3/30/2021
303/20,8.1,3/18/2021
440/18,8.1,3/3/2021
736/20,8.1,3/8/2021
7889/21,8.1,3/10/2021
836/19,8.1,3/2/2021
116/21,8.2,3/30/2021
145/20,8.2,4/1/2021
154/21,8.2,3/23/2021
197/20,8.2,3/3/2021
207/19,8.2,3/9/2021
218/20,8.2,3/2/2021
226/00,8.2,4/1/2021
376/20,8.2,4/1/2021
462/20,8.2,3/8/2021
593/18,8.2,3/26/2021
596/17,8.2,3/25/2021
60/19,8.2,3/10/2021
61/20,8.2,3/1/2021
628/16,8.2,3/12/2021
766/14,8.2,3/1/2021
780/18,8.2,3/1/2021
7889/21,8.2,3/10/2021
791/20,8.2,3/3/2021
838/20,8.2,3/25/2021
865/19,8.2,3/15/2021
897/19,8.2,3/3/2021
990/17,8.2,3/2/2021
181/21,8.3,3/3/2021
250/21,8.3,3/17/2021
45/20,8.3,3/5/2021
553/15,8.3,3/9/2021
633/20,8.3,3/17/2021
83/21,8.3,3/31/2021
890/15,8.3,3/2/2021
1157/13,8.4,3/24/2021
129/19,8.4,3/3/2021
167/21,8.4,3/17/2021
183/21,8.4,3/16/2021
203/13,8.4,3/5/2021
292/20,8.4,3/16/2021
297/20,8.4,3/4/2021
334/07,8.4,3/10/2021
41/G/21,8.4,3/22/2021
430/10,8.4,3/8/2021
454/20,8.4,3/25/2021
525/20,8.4,3/3/2021
698/20,8.4,3/5/2021
715/20,8.4,4/2/2021
776/18,8.4,3/4/2021
7889/21,8.4,3/7/2021
80/21,8.4,3/24/2021
83/21,8.4,3/3/2021
854/19,8.4,3/3/2021
885/17,8.4,3/4/2021
958/18,8.4,3/14/2021
154/21,8.5,3/12/2021
156/19,8.5,3/5/2021
218/09,8.5,3/4/2021
223/19,8.5,3/12/2021
238/18,8.5,4/1/2021
262/19,8.5,3/30/2021
358/19,8.5,3/22/2021
40/00,8.5,3/15/2021
441/20,8.5,3/10/2021
60/15,8.5,3/19/2021
608/03,8.5,3/2/2021
757/12,8.5,3/3/2021
872/12,8.5,3/30/2021
885/17,8.5,4/1/2021
96/20,8.5,3/2/2021
979/19,8.5,3/12/2021
99/21,8.5,3/17/2021
993/18,8.5,3/5/2021
1043/19,8.6,3/10/2021
1049/09,8.6,3/5/2021
108/21,8.6,3/10/2021
1130/19,8.6,3/2/2021
203/13,8.6,3/1/2021
341/20,8.6,3/3/2021
362/15,8.6,3/4/2021
453/15,8.6,3/2/2021
502/14,8.6,3/1/2021
602/18,8.6,3/9/2021
73/21,8.6,3/29/2021
872/12,8.6,3/2/2021
959/18,8.6,3/11/2021
96/21,8.6,3/8/2021
21-May,8.7,3/12/2021
1062/20,8.7,3/16/2021
145/19,8.7,3/2/2021
182/21,8.7,3/31/2021
20/21,8.7,3/9/2021
209/21,8.7,3/29/2021
221/21,8.7,3/8/2021
225/21,8.7,3/16/2021
536/19,8.7,3/25/2021
776/14,8.7,3/5/2021
805/17,8.7,3/3/2021
942/20,8.7,3/8/2021
96/21,8.7,3/2/2021
965/19,8.7,3/4/2021
984/20,8.7,3/3/2021
1089/19,8.8,3/24/2021
1126/18,8.8,3/4/2021
238/18,8.8,4/1/2021
246/16,8.8,3/29/2021
251/21,8.8,3/31/2021
267/18,8.8,3/12/2021
277/21,8.8,3/23/2021
379/20,8.8,3/15/2021
399/12,8.8,3/9/2021
405/20,8.8,3/10/2021
430/10,8.8,3/2/2021
622/17,8.8,3/2/2021
74/17,8.8,3/5/2021
746/20,8.8,3/17/2021
850/18,8.8,3/22/2021
87/17,8.8,3/2/2021
885/18,8.8,3/24/2021
959/20,8.8,3/7/2021
21-Apr,8.9,3/16/2021
1037/20,8.9,3/19/2021
112/21,8.9,3/10/2021
116/18,8.9,3/2/2021
286/20,8.9,3/3/2021
2896/20,8.9,3/26/2021
73/21,8.9,3/4/2021
869/19,8.9,3/29/2021
967/20,8.9,3/15/2021
978/21,8.9,3/31/2021
100/20,9,3/2/2021
1066/19,9,3/15/2021
1097/19,9,3/16/2021
21-Dec,9,3/9/2021
137/20,9,3/31/2021
15/20,9,4/2/2021
159/14,9,4/1/2021
235/21,9,3/30/2021
239/05,9,4/1/2021
290/20,9,3/18/2021
358/19,9,3/30/2021
362/20,9,3/25/2021
404/15,9,3/10/2021
511/20,9,3/10/2021
545/19,9,3/25/2021
603/20,9,3/16/2021
809/16,9,3/3/2021
92/19,9,3/8/2021
936/20,9,3/23/2021
1079/10,9.1,3/6/2021
121/21,9.1,3/10/2021
145/20,9.1,3/12/2021
198/21,9.1,3/8/2021
237/20,9.1,3/10/2021
383/18,9.1,3/1/2021
401/20,9.1,3/17/2021
448/20,9.1,3/4/2021
448/20,9.1,3/8/2021
473/14,9.1,3/18/2021
566/08,9.1,3/7/2021
595/20,9.1,4/1/2021
706/15,9.1,3/13/2021
743/14,9.1,3/8/2021
746/20,9.1,3/14/2021
90/20,9.1,3/19/2021
912/20,9.1,3/4/2021
1057/20,9.2,3/29/2021
1107/19,9.2,3/24/2021
118/19,9.2,3/2/2021
157/21,9.2,3/1/2021
190/19,9.2,3/6/2021
20/18,9.2,3/17/2021
223/21,9.2,3/22/2021
367/12,9.2,3/4/2021
448/20,9.2,3/11/2021
596/21,9.2,3/1/2021
64/21,9.2,3/5/2021
708/20,9.2,3/5/2021
95/20,9.2,3/3/2021
965/19,9.2,3/21/2021
1032/20,9.3,3/8/2021
112/21,9.3,3/31/2021
127/19,9.3,3/14/2021
151/07,9.3,3/23/2021
158/21,9.3,3/17/2021
207/21,9.3,3/9/2021
23/11,9.3,3/23/2021
232/21,9.3,3/16/2021
269/14,9.3,3/24/2021
279/11,9.3,3/3/2021
283/21,9.3,3/25/2021
292/21,9.3,3/23/2021
394/20,9.3,3/8/2021
397/16,9.3,3/13/2021
401/20,9.3,3/9/2021
444/18,9.3,3/3/2021
445/15,9.3,3/4/2021
448/20,9.3,3/15/2021
505/11,9.3,3/4/2021
62/20,9.3,3/4/2021
651/19,9.3,3/10/2021
827/12,9.3,3/4/2021
831/16,9.3,3/21/2021
87/19,9.3,3/10/2021
891/18,9.3,3/3/2021
901/16,9.3,3/6/2021
907/20,9.3,3/3/2021
916/15,9.3,3/11/2021
93/17,9.3,3/24/2021
944/15,9.3,3/25/2021
981/20,9.3,3/24/2021
18-Apr,9.4,3/21/2021
1066/20,9.4,3/24/2021
1088/18,9.4,3/10/2021
1096/01,9.4,3/16/2021
1149/17,9.4,3/4/2021
1716/01,9.4,3/4/2021
217/16,9.4,3/21/2021
246/18,9.4,3/1/2021
392/08,9.4,4/1/2021
436/18,9.4,3/2/2021
485/14,9.4,3/15/2021
502/14,9.4,3/29/2021
584/16,9.4,3/4/2021
599/13,9.4,3/25/2021
607/12,9.4,3/3/2021
613/20,9.4,3/17/2021
665/19,9.4,3/5/2021
760/18,9.4,3/27/2021
766/14,9.4,4/1/2021
963/13,9.4,3/2/2021
1100/19,9.5,3/7/2021
114/19,9.5,3/11/2021
1253/07,9.5,3/24/2021
126/21,9.5,3/11/2021
20/21,9.5,3/4/2021
301/19,9.5,3/18/2021
32/19,9.5,3/12/2021
338/21,9.5,4/1/2021
40/20,9.5,3/4/2021
403/20,9.5,3/24/2021
415/15,9.5,3/12/2021
488/14,9.5,3/29/2021
522/20,9.5,3/2/2021
1017/16,9.6,3/22/2021
1085/09,9.6,3/4/2021
1113/17,9.6,3/4/2021
1483/3,9.6,3/25/2021
288/20,9.6,3/17/2021
325/20,9.6,3/17/2021
442/21,9.6,3/24/2021
448/20,9.6,3/19/2021
448/20,9.6,3/22/2021
455/18,9.6,3/17/2021
622/14,9.6,3/31/2021
128/16,9.7,3/1/2021
218/13,9.7,3/16/2021
415/20,9.7,3/15/2021
45/21,9.7,3/24/2021
453/15,9.7,3/30/2021
472/20,9.7,3/31/2021
608/18,9.7,3/14/2021
681/19,9.7,3/10/2021
976/09,9.7,3/25/2021
1029/20,9.8,3/22/2021
1055/02,9.8,3/9/2021
1069/10,9.8,3/31/2021
112/21,9.8,3/3/2021
118/21,9.8,3/10/2021
1253/07,9.8,3/24/2021
23/596,9.8,3/29/2021
280/19,9.8,3/13/2021
292/21,9.8,3/26/2021
299/19,9.8,3/2/2021
334/07,9.8,3/3/2021
398/10,9.8,4/1/2021
415/15,9.8,3/23/2021
420/19,9.8,4/2/2021
431/20,9.8,3/15/2021
510/19,9.8,3/31/2021
622/14,9.8,3/8/2021
647/20,9.8,3/17/2021
675/20,9.8,3/31/2021
7889/21,9.8,3/17/2021
792/20,9.8,3/31/2021
804/19,9.8,4/2/2021
907/20,9.8,3/31/2021
98/20,9.8,3/1/2021
986/15,9.8,3/3/2021
1006/20,9.9,3/11/2021
104/03,9.9,3/18/2021
1057/19,9.9,3/2/2021
1085/09,9.9,4/1/2021
128/16,9.9,3/5/2021
1334/04,9.9,3/1/2021
170/20,9.9,3/9/2021
2020/591,9.9,3/10/2021
260/21,9.9,3/16/2021
285/18,9.9,3/12/2021
340/20,9.9,3/31/2021
357/20,9.9,3/24/2021
392/08,9.9,3/4/2021
392/08,9.9,3/4/2021
4790/21,9.9,3/23/2021
59/18,9.9,3/5/2021
792/20,9.9,3/3/2021
820/16,9.9,3/17/2021
825/19,9.9,3/5/2021
919/20,9.9,3/9/2021
930/20,9.9,3/30/2021
945/19,9.9,3/5/2021
1041/16,10,3/10/2021
110/18,10,3/3/2021
112/19,10,3/7/2021
128/16,10,3/8/2021
130/21,10,3/19/2021
1989/18,10,3/15/2021
227/18,10,3/4/2021
232/21,10,3/9/2021
242/21,10,3/17/2021
258/21,10,4/1/2021
34/21,10,3/8/2021
405/10,10,3/4/2021
448/20,10,3/26/2021
51/19,10,3/11/2021
52/21,10,3/1/2021
582/16,10,3/3/2021
598/17,10,3/4/2021
604/20,10,3/15/2021
663/19,10,3/12/2021
713/19,10,3/24/2021
724/17,10,3/10/2021
1103/20,10.1,3/3/2021
1206/09,10.1,3/28/2021
165/21,10.1,3/11/2021
203/21,10.1,3/17/2021
231/20,10.1,3/25/2021
277/18,10.1,3/2/2021
305/16,10.1,3/21/2021
421/19,10.1,3/3/2021
526/16,10.1,3/9/2021
534/04,10.1,3/5/2021
584/16,10.1,4/1/2021
667/19,10.1,3/11/2021
681/18,10.1,3/3/2021
707/19,10.1,3/10/2021
763/16,10.1,3/2/2021
781/19,10.1,3/9/2021
844/20,10.1,3/30/2021
946/19,10.1,3/16/2021
98/20,10.1,3/5/2021
1051/12,10.2,3/2/2021
1061/18,10.2,3/28/2021
180/21,10.2,3/3/2021
191/21,10.2,4/1/2021
228/20,10.2,3/10/2021
264/05,10.2,3/16/2021
290/21,10.2,4/1/2021
30/20/IC,10.2,3/19/2021
316/12,10.2,3/23/2021
333/18,10.2,3/25/2021
343/20,10.2,3/4/2021
578/15,10.2,3/23/2021
608/15,10.2,3/2/2021
658/19,10.2,3/11/2021
709/19,10.2,3/12/2021
715/20,10.2,3/1/2021
72/21,10.2,3/19/2021
861/20,10.2,3/3/2021
921/18,10.2,3/4/2021
93/17,10.2,3/3/2021
936/16,10.2,3/3/2021
1021/15,10.3,3/10/2021
104/17,10.3,3/24/2021
1061/14,10.3,3/28/2021
1089/20,10.3,3/16/2021
1139/20,10.3,3/21/2021
1226/13,10.3,3/3/2021
1338/18,10.3,3/15/2021
190/05,10.3,3/23/2021
193/14,10.3,3/17/2021
211/21,10.3,3/10/2021
221/21,10.3,3/15/2021
251/21,10.3,3/15/2021
277/21,10.3,3/30/2021
327/17,10.3,3/10/2021
350/19,10.3,3/4/2021
399/03,10.3,3/11/2021
415/17,10.3,3/4/2021
439/18,10.3,3/31/2021
448/20,10.3,4/1/2021
488/15,10.3,3/16/2021
513/20,10.3,3/2/2021
523/17,10.3,3/4/2021
581/20,10.3,3/13/2021
653/07,10.3,3/21/2021
687/18,10.3,3/11/2021
768/18,10.3,3/25/2021
788/20,10.3,3/3/2021
79/18,10.3,3/4/2021
921/18,10.3,4/1/2021
957/14,10.3,3/11/2021
98/20,10.3,3/8/2021
985/20,10.3,3/25/2021
1106/19,10.4,3/18/2021
1115/19,10.4,3/4/2021
127/21,10.4,4/2/2021
1283/07,10.4,3/13/2021
1472/02,10.4,3/29/2021
168/19,10.4,3/4/2021
388/14,10.4,3/15/2021
439/20,10.4,3/3/2021
448/20,10.4,3/30/2021
463/20,10.4,3/31/2021
468/20,10.4,3/3/2021
488/14,10.4,3/1/2021
581/20,10.4,3/4/2021
582/19,10.4,3/8/2021
623/18,10.4,3/29/2021
767/19,10.4,3/24/2021
816/19,10.4,3/2/2021
938/19,10.4,3/1/2021
939/19,10.4,3/22/2021
940/14,10.4,3/14/2021
996/20,10.4,3/10/2021
11-Apr,10.5,3/11/2021
1043/20,10.5,3/24/2021
1072/17,10.5,3/7/2021
1137/19,10.5,3/3/2021
1235/13,10.5,3/30/2021
128/16,10.5,3/12/2021
1325/08,10.5,3/11/2021
175/19,10.5,3/1/2021
186/21,10.5,3/4/2021
246/21,10.5,3/17/2021
274/21,10.5,3/23/2021
340/20,10.5,3/3/2021
343/20,10.5,3/8/2021
360/16,10.5,3/2/2021
407/18,10.5,3/22/2021
41395/21,10.5,3/31/2021
593/19,10.5,3/4/2021
607/20,10.5,3/16/2021
761/18,10.5,3/19/2021
780/19,10.5,3/30/2021
853/09,10.5,3/2/2021
908/19,10.5,3/1/2021
98/20,10.5,3/12/2021
98/20,10.5,3/15/2021
98/20,10.5,3/19/2021
20-Jul,10.6,3/1/2021
1049/18,10.6,3/15/2021
115/18,10.6,3/5/2021
115/200,10.6,3/24/2021
128/16,10.6,3/24/2021
1291/09,10.6,3/22/2021
1537/09,10.6,3/2/2021
168/21,10.6,3/8/2021
173/18,10.6,3/2/2021
180/21,10.6,3/31/2021
182/09,10.6,3/30/2021
2107/K,10.6,3/29/2021
31/20,10.6,3/14/2021
425/18,10.6,3/2/2021
439/15,10.6,3/2/2021
50/20,10.6,3/5/2021
519/19,10.6,3/15/2021
520/20,10.6,3/8/2021
573/15,10.6,3/9/2021
635/19,10.6,3/4/2021
675/17,10.6,3/12/2021
77/21,10.6,3/22/2021
867/10,10.6,3/16/2021
948/14,10.6,3/2/2021
21-Feb,10.7,3/1/2021
16-Oct,10.7,3/1/2021
1038/13,10.7,3/4/2021
1141/20,10.7,3/4/2021
129/21,10.7,3/31/2021
1325/08,10.7,3/7/2021
288/20,10.7,3/4/2021
290/21,10.7,3/23/2021
320/06,10.7,3/18/2021
333/18,10.7,3/2/2021
340/19,10.7,3/5/2021
350/18,10.7,3/16/2021
53/12,10.7,3/1/2021
561/06,10.7,3/9/2021
64/19,10.7,3/1/2021
642/17,10.7,3/4/2021
658/15,10.7,3/16/2021
793/06,10.7,3/5/2021
800/02,10.7,3/16/2021
840/19,10.7,3/17/2021
845/18,10.7,3/3/2021
867/20,10.7,3/25/2021
98/20,10.7,3/29/2021
107/21,10.8,3/4/2021
1139/18,10.8,4/1/2021
1306/03,10.8,3/30/2021
14/20,10.8,3/3/2021
153/21,10.8,3/23/2021
168/19,10.8,3/18/2021
179/16,10.8,3/25/2021
196/21,10.8,3/8/2021
235/16,10.8,3/29/2021
243/13,10.8,3/31/2021
252/21,10.8,3/15/2021
264/21,10.8,3/16/2021
288/13,10.8,3/4/2021
291/18,10.8,3/14/2021
328/02,10.8,3/9/2021
33/18,10.8,3/17/2021
350/18,10.8,3/1/2021
350/18,10.8,3/24/2021
369/19,10.8,3/5/2021
450/19,10.8,4/1/2021
567/00,10.8,3/18/2021
594/16,10.8,3/2/2021
60/17,10.8,3/16/2021
678/15,10.8,3/9/2021
721/20,10.8,3/22/2021
763/17,10.8,3/22/2021
780/19,10.8,3/2/2021
836/16,10.8,3/4/2021
905/19,10.8,3/4/2021
912/20,10.8,4/1/2021
928/20,10.8,3/22/2021
929/15,10.8,3/22/2021
969/18,10.8,3/2/2021
98/20,10.8,3/22/2021
9805/21,10.8,3/13/2021
1111/05,10.9,3/8/2021
1139/18,10.9,3/12/2021
1247/08,10.9,3/3/2021
182/17,10.9,3/3/2021
183/19,10.9,3/2/2021
188/11,10.9,4/1/2021
223/17,10.9,3/2/2021
229/16,10.9,3/1/2021
256/21,10.9,3/30/2021
263/19,10.9,3/3/2021
29/04,10.9,3/2/2021
328/21,10.9,3/30/2021
407/18,10.9,3/5/2021
424/08,10.9,3/1/2021
438/06,10.9,3/2/2021
443/12,10.9,3/16/2021
495/18,10.9,3/23/2021
579/16,10.9,3/13/2021
580/20,10.9,3/26/2021
586/16,10.9,3/9/2021
592/09,10.9,3/25/2021
628/16,10.9,3/4/2021
662/15,10.9,3/2/2021
671/13,10.9,3/28/2021
675/17,10.9,4/1/2021
721/19,10.9,3/18/2021
781/18,10.9,3/12/2021
897/11,10.9,3/8/2021
993/15,10.9,3/9/2021
20-Jul,11.2,3/5/2021
803/19,11.3,3/17/2021
285/21,11.4,3/25/2021
861/14,11.6,3/22/2021
322/09,12.6,4/1/2021
948/19,12.8,3/17/2021
1337/14,16.1,3/15/2021
736/17,16.1,3/30/2021
794/15,16.1,3/9/2021
966/06,16.1,3/23/2021
992/16,16.1,3/11/2021
267/21,16.2,3/31/2021
457/19,16.2,3/14/2021
607/18,16.2,3/22/2021
826/19,16.2,3/23/2021
839/18,16.2,3/30/2021
1024/12,16.3,3/22/2021
18/18,16.3,3/19/2021
267/21,16.3,3/22/2021
1091/19,16.4,3/12/2021
200/18,16.4,3/30/2021
244/21,16.4,3/17/2021
44/19,16.4,3/30/2021
18/13,16.5,4/1/2021
328/19,16.5,3/29/2021
475/18,16.5,3/2/2021
593/10,16.5,3/8/2021
658/06,16.5,3/7/2021
807/19,16.5,3/25/2021
176/21,16.6,3/2/2021
549/16,16.6,3/18/2021
230/19,16.7,3/18/2021
238/19,16.7,3/25/2021
393/20,16.7,3/9/2021
44/19,16.7,3/23/2021
330/21,16.8,3/16/2021
1648/15,16.9,3/16/2021
402/18,16.9,3/18/2021
446/18,16.9,3/18/2021
461/18,16.9,3/21/2021
948/15,16.9,3/9/2021
992/20,16.9,3/9/2021
20/20,17,3/19/2021
977/13,17,3/28/2021
228/21,17.1,3/16/2021
684/18,17.1,3/4/2021
909/19,17.1,3/2/2021
1010/16,17.2,3/23/2021
1247/09,17.2,3/7/2021
1247/09,17.2,3/15/2021
247/16,17.2,3/7/2021
690/16,17.2,3/23/2021
20-Mar,17.4,3/19/2021
191/18,17.4,3/21/2021
534/00,17.4,3/29/2021
1064/05,17.5,3/3/2021
52/08,17.5,3/3/2021
578/13,17.5,3/7/2021
135/19,17.6,3/9/2021
340/17,17.8,3/11/2021
1116/19,17.9,3/25/2021
317/15,18,3/23/2021
540/19,18,4/1/2021
540/19,18.1,3/4/2021
679/19,18.4,3/11/2021
60/18,18.6,3/30/2021
232/20,19.1,3/4/2021
1009/20,11,3/4/2021
105/17,11,3/28/2021
1106/19,11,3/4/2021
1139/18,11,3/4/2021
114/20,11,3/31/2021
128/16,11,3/15/2021
130/19,11,4/1/2021
1668/04,11,4/1/2021
1790/09,11,3/26/2021
233/19,11,3/10/2021
243/13,11,3/3/2021
284/20,11,3/16/2021
34/21,11,4/1/2021
401/16,11,3/11/2021
407/03,11,4/1/2021
437/20,11,3/2/2021
480/16,11,3/4/2021
481/17,11,3/4/2021
482/20,11,3/28/2021
500/10,11,3/9/2021
503/18,11,3/2/2021
556/19,11,3/4/2021
560/07,11,3/21/2021
565/15,11,3/18/2021
590/09,11,3/16/2021
655/11,11,3/17/2021
678/15,11,3/16/2021
73/17,11,3/3/2021
759/19,11,3/4/2021
809/19,11,3/4/2021
815/18,11,3/3/2021
850/19,11,3/25/2021
869/15,11,3/24/2021
901/17,11,3/28/2021
919/20,11,3/15/2021
928/14,11,3/3/2021
971/19,11,3/4/2021
21-Mar,11.1,3/1/2021
1029/20,11.1,3/30/2021
1039/20,11.1,3/8/2021
1039/20,11.1,3/19/2021
105/13,11.1,3/11/2021
1081/19,11.1,3/29/2021
112/20,11.1,3/17/2021
1128/20,11.1,3/31/2021
130/19,11.1,3/4/2021
1472/02,11.1,3/3/2021
257/18,11.1,3/29/2021
531/19,11.1,4/1/2021
57/08,11.1,3/2/2021
58/20,11.1,3/1/2021
580/17,11.1,3/14/2021
608/19,11.1,3/10/2021
684/16,11.1,3/8/2021
758/20,11.1,3/4/2021
76/01,11.1,3/13/2021
771/20,11.1,3/4/2021
970/16,11.1,3/8/2021
21-Jul,11.2,3/30/2021
1052/20,11.2,3/14/2021
1056/18,11.2,3/23/2021
106/12,11.2,3/24/2021
1139/18,11.2,3/15/2021
114/20,11.2,3/3/2021
128/16,11.2,3/31/2021
1293/08,11.2,3/2/2021
152/15,11.2,3/2/2021
1529/03,11.2,3/23/2021
1642/19,11.2,3/10/2021
18/10,11.2,3/23/2021
225/14,11.2,3/30/2021
263/20,11.2,3/25/2021
283/18,11.2,3/3/2021
290/19,11.2,3/31/2021
309/21,11.2,4/1/2021
320/18,11.2,3/2/2021
350/18,11.2,3/9/2021
36/20,11.2,3/2/2021
396/00,11.2,3/17/2021
440/20,11.2,3/3/2021
486/20,11.2,3/4/2021
503/18,11.2,3/30/2021
615/05,11.2,3/21/2021
616/16,11.2,3/3/2021
675/17,11.2,3/9/2021
675/17,11.2,3/10/2021
721/08,11.2,3/14/2021
728/19,11.2,3/10/2021
776/15,11.2,3/31/2021
793/08,11.2,3/15/2021
88/14,11.2,3/9/2021
911/20,11.2,3/3/2021
938/19,11.2,3/26/2021
96/08,11.2,3/3/2021
969/17,11.2,3/8/2021
996/19,11.2,3/8/2021
1003/07,11.3,3/25/2021
1024/16,11.3,3/4/2021
1029/20,11.3,4/1/2021
1094/13,11.3,4/1/2021
112/13,11.3,3/23/2021
1127/20,11.3,3/2/2021
1188/20,11.3,3/15/2021
137/11,11.3,3/9/2021
139/21,11.3,3/11/2021
1394/03,11.3,3/22/2021
170/18,11.3,4/2/2021
294/21,11.3,3/29/2021
377/13,11.3,3/2/2021
382/20,11.3,3/13/2021
403/16,11.3,3/3/2021
435/15,11.3,3/16/2021
475/16,11.3,3/4/2021
480/16,11.3,3/12/2021
53/09,11.3,3/16/2021
562/16,11.3,3/3/2021
578/19,11.3,3/17/2021
644/19,11.3,3/7/2021
686/19,11.3,3/3/2021
836/02,11.3,3/29/2021
842/16,11.3,3/9/2021
864/15,11.3,3/30/2021
905/20,11.3,3/17/2021
954/18,11.3,3/17/2021
999/20,11.3,3/9/2021
20-Jul,11.4,3/8/2021
1007/13,11.4,3/5/2021
1050/19,11.4,3/17/2021
1089/19,11.4,3/19/2021
1113/10,11.4,3/21/2021
1135/20,11.4,3/31/2021
125/18,11.4,3/8/2021
158/21,11.4,3/3/2021
1639/04,11.4,4/1/2021
1783/09,11.4,3/15/2021
189/17,11.4,3/29/2021
2021/03119,11.4,3/19/2021
204/20,11.4,3/4/2021
224/21,11.4,3/16/2021
27620/21,11.4,3/12/2021
336/16,11.4,3/28/2021
472/11,11.4,4/1/2021
485/08,11.4,3/18/2021
520/20,11.4,3/26/2021
575/20,11.4,3/21/2021
586/19,11.4,3/3/2021
627/08,11.4,3/16/2021
666/13,11.4,3/2/2021
741/08,11.4,3/16/2021
880/20,11.4,3/21/2021
902/20,11.4,3/21/2021
91/17,11.4,3/4/2021
910/20,11.4,3/3/2021
977/16,11.4,3/3/2021
98/20,11.4,4/1/2021
1004/17,11.5,3/7/2021
1330/02,11.5,4/1/2021
170/18,11.5,3/5/2021
189/18,11.5,3/3/2021
225/18,11.5,3/4/2021
262/21,11.5,3/22/2021
263/16,11.5,4/1/2021
307/20,11.5,3/23/2021
331/19,11.5,4/1/2021
407/03,11.5,3/4/2021
432/18,11.5,3/3/2021
53/19,11.5,3/30/2021
559/20,11.5,3/21/2021
561/20,11.5,3/2/2021
57/21,11.5,3/4/2021
58/20,11.5,3/9/2021
60/17,11.5,3/30/2021
606/19,11.5,3/2/2021
621/14,11.5,3/8/2021
632/17,11.5,3/17/2021
674/12,11.5,3/24/2021
707/20,11.5,3/2/2021
794/16,11.5,3/4/2021
879/19,11.5,3/22/2021
920/19,11.5,3/2/2021
966/20,11.5,3/18/2021
9805/21,11.5,3/23/2021
1029/20,11.6,3/26/2021
1093/17,11.6,3/3/2021
1095/20,11.6,3/10/2021
131/08,11.6,3/25/2021
1389/03,11.6,3/2/2021
1515/09,11.6,3/26/2021
162/21,11.6,3/3/2021
180/18,11.6,3/19/2021
233/21,11.6,3/30/2021
32/20,11.6,3/19/2021
357/20,11.6,3/18/2021
358/17,11.6,3/4/2021
474/20,11.6,3/28/2021
55/16,11.6,3/2/2021
581/20,11.6,3/21/2021
660/19,11.6,3/18/2021
76/21,11.6,3/9/2021
895/20,11.6,3/25/2021
20-Jul,11.7,3/17/2021
21-Jul,11.7,3/16/2021
1007/19,11.7,4/1/2021
1020/01,11.7,3/17/2021
1054/18,11.7,3/15/2021
1074/19,11.7,3/3/2021
1140/18,11.7,3/2/2021
1208/06,11.7,3/9/2021
126/02,11.7,3/1/2021
1351/18,11.7,3/1/2021
153/16,11.7,3/4/2021
1563/02,11.7,3/30/2021
1603/19,11.7,3/10/2021
162/21,11.7,3/10/2021
175/10,11.7,3/4/2021
217/17,11.7,3/17/2021
239/21,11.7,3/30/2021
280/20,11.7,3/14/2021
313/19,11.7,3/23/2021
35/21,11.7,3/8/2021
371/15,11.7,3/16/2021
379/17,11.7,3/4/2021
388/18,11.7,3/14/2021
470/07,11.7,3/14/2021
513/19,11.7,3/1/2021
581/12,11.7,3/9/2021
597/17,11.7,3/2/2021
641/20,11.7,3/16/2021
688/19,11.7,3/31/2021
20-Jul,11.7,3/31/2021
709/12,11.7,3/25/2021
720/19,11.7,3/2/2021
722/15,11.7,3/7/2021
840/20,11.7,3/16/2021
902/16,11.7,3/21/2021
93/20,11.7,4/2/2021
20-Jul,11.8,3/12/2021
105/20,11.8,3/9/2021
1399/08,11.8,3/25/2021
172/21,11.8,3/1/2021
264/16,11.8,3/4/2021
278/13,11.8,3/11/2021
302/20,11.8,3/3/2021
310/18,11.8,3/8/2021
346/20,11.8,3/22/2021
416/20,11.8,3/15/2021
439/20,11.8,3/31/2021
538/19,11.8,3/16/2021
567/17,11.8,3/4/2021
629/06,11.8,4/1/2021
656/19,11.8,3/17/2021
738/20,11.8,3/15/2021
860/18,11.8,3/14/2021
863/15,11.8,3/24/2021
864/15,11.8,3/2/2021
873/18,11.8,3/24/2021
910/20,11.8,3/31/2021
915/16,11.8,3/3/2021
943/19,11.8,3/24/2021
958/16,11.8,3/3/2021
21-Mar,11.9,3/29/2021
1031/18,11.9,3/2/2021
1035/20,11.9,3/15/2021
1038/20,11.9,3/30/2021
1054/18,11.9,4/1/2021
1054/18,11.9,3/26/2021
106/20,11.9,3/28/2021
1369/03,11.9,3/3/2021
172/21,11.9,3/29/2021
18/19,11.9,3/18/2021
198/17,11.9,3/28/2021
263/21,11.9,3/22/2021
273/16,11.9,3/4/2021
310/21,11.9,4/1/2021
41/14,11.9,3/2/2021
533/12,11.9,3/23/2021
576/18,11.9,3/6/2021
606/20,11.9,3/16/2021
69/21,11.9,3/18/2021
709/12,11.9,3/4/2021
799/10,11.9,3/10/2021
82/21,11.9,3/1/2021
830/17,11.9,3/11/2021
850/20,11.9,3/10/2021
952/18,11.9,3/17/2021
1012/19,12,3/3/2021
1019/19,12,3/3/2021
1020/16,12,3/2/2021
130/16,12,3/11/2021
223/12,12,3/15/2021
225/14,12,3/2/2021
385/18,12,3/23/2021
388/11,12,3/18/2021
394/17,12,3/17/2021
469/18,12,3/15/2021
479/15,12,3/25/2021
483/16,12,3/4/2021
513/20,12,4/1/2021
600/13,12,4/1/2021
635/20,12,3/25/2021
65/8,12,3/28/2021
665/07,12,3/9/2021
67/20,12,3/15/2021
673/20,12,3/11/2021
676/17,12,3/15/2021
689/13,12,3/2/2021
701/13,12,3/22/2021
716/10,12,3/3/2021
722/14,12,3/24/2021
793/20,12,3/21/2021
836/10,12,3/2/2021
867/11,12,3/4/2021
883/20,12,3/25/2021
933/03,12,3/7/2021
944/20,12,3/25/2021
1015/19,12.1,3/3/2021
1038/20,12.1,3/16/2021
1054/18,12.1,3/12/2021
1085/20,12.1,4/1/2021
120/21,12.1,3/12/2021
1205/02,12.1,3/21/2021
1205/02,12.1,4/1/2021
1224/13,12.1,3/7/2021
126/02,12.1,3/29/2021
166/20,12.1,3/3/2021
174/21,12.1,3/14/2021
186/10,12.1,3/4/2021
205/18,12.1,3/10/2021
245/21,12.1,3/17/2021
257/17,12.1,3/5/2021
262/20,12.1,3/16/2021
28/20,12.1,3/19/2021
283/18,12.1,3/9/2021
391/17,12.1,3/29/2021
436/13,12.1,3/21/2021
49/05,12.1,3/3/2021
513/20,12.1,3/29/2021
591/03,12.1,3/23/2021
608/13,12.1,3/4/2021
747/19,12.1,3/2/2021
80/16,12.1,3/2/2021
82/21,12.1,3/5/2021
821/20,12.1,3/9/2021
863/15,12.1,3/3/2021
867/20,12.1,3/22/2021
867/20,12.1,3/19/2021
872/11,12.1,3/28/2021
922/20,12.1,4/2/2021
1038/12,12.2,3/15/2021
1054/18,12.2,3/22/2021
1054/18,12.2,3/29/2021
1080/10,12.2,3/4/2021
1108/17,12.2,3/14/2021
1114/20,12.2,3/16/2021
119/19,12.2,4/1/2021
156/16,12.2,3/3/2021
156/18,12.2,3/17/2021
188/21,12.2,3/4/2021
235/20,12.2,3/10/2021
253/17,12.2,3/24/2021
340/00,12.2,3/25/2021
395/19,12.2,3/2/2021
44/20,12.2,3/1/2021
477/16,12.2,3/8/2021
483/19,12.2,4/1/2021
58/16,12.2,3/31/2021
590/18,12.2,3/31/2021
619/16,12.2,3/15/2021
640/17,12.2,3/21/2021
742/19,12.2,3/4/2021
782/19+,12.2,3/29/2021
784/18,12.2,3/1/2021
867/20,12.2,4/1/2021
877/11,12.2,3/9/2021
884/18,12.2,3/31/2021
98/17,12.2,3/25/2021
20-Jul,12.3,3/30/2021
1028/19,12.3,3/4/2021
1058/19,12.3,3/4/2021
1073/17,12.3,3/22/2021
1255/06,12.3,3/25/2021
135/05,12.3,3/9/2021
1383/18,12.3,3/16/2021
1602/03,12.3,3/9/2021
194/17,12.3,3/31/2021
246/15,12.3,3/18/2021
259/20,12.3,4/1/2021
265/20,12.3,3/23/2021
274/21,12.3,3/26/2021
281/16,12.3,3/4/2021
293/21,12.3,3/23/2021
295/21,12.3,3/29/2021
301/00,12.3,3/25/2021
331/19,12.3,3/4/2021
418/20,12.3,3/16/2021
439/01,12.3,3/8/2021
463/14,12.3,3/2/2021
538/19,12.3,3/23/2021
572/20,12.3,3/19/2021
65/19,12.3,3/22/2021
652/19,12.3,3/9/2021
711/18,12.3,3/5/2021
737/20,12.3,3/16/2021
811/18,12.3,3/2/2021
827/17,12.3,3/24/2021
90/01,12.3,3/8/2021
924/08,12.3,3/23/2021
982/16,12.3,3/7/2021
993/15,12.3,3/30/2021
1004/15,12.4,3/31/2021
102/21,12.4,3/9/2021
1035/16,12.4,3/17/2021
1097/20,12.4,3/3/2021
1103/20,12.4,3/16/2021
1135/20,12.4,3/24/2021
1275/05,12.4,3/4/2021
1411/04,12.4,3/19/2021
1426/09,12.4,4/1/2021
166/20,12.4,4/1/2021
1665/18,12.4,3/3/2021
205/20,12.4,3/2/2021
233/09,12.4,3/16/2021
266/14,12.4,3/9/2021
294/21,12.4,4/1/2021
31/07,12.4,3/16/2021
329/16,12.4,3/18/2021
339/21,12.4,4/1/2021
340/20,12.4,3/18/2021
450/08,12.4,3/4/2021
508/04,12.4,3/16/2021
533/20,12.4,3/17/2021
617/11,12.4,3/12/2021
617/11,12.4,3/20/2021
664/05,12.4,3/2/2021
689/13,12.4,3/25/2021
721/10,12.4,3/30/2021
788/19,12.4,3/2/2021
82/21,12.4,3/8/2021
821/19,12.4,3/18/2021
867/20,12.4,3/26/2021
917/17,12.4,3/16/2021
979/20,12.4,3/24/2021
989/18,12.4,3/2/2021
1038/16,12.5,4/2/2021
1050/15,12.5,3/4/2021
1077/19,12.5,3/23/2021
1085/20,12.5,3/4/2021
1118/18,12.5,3/18/2021
139/05,12.5,3/25/2021
1484/01,12.5,3/23/2021
19/16,12.5,3/7/2021
200/21,12.5,3/15/2021
220/15,12.5,3/2/2021
225/19,12.5,3/9/2021
2315/21,12.5,3/9/2021
274/21,12.5,4/1/2021
275/00,12.5,3/18/2021
325/19,12.5,3/17/2021
353/16,12.5,3/3/2021
37/2000,12.5,3/9/2021
398/14,12.5,3/3/2021
399/17,12.5,3/11/2021
44/20,12.5,3/30/2021
530/19,12.5,3/4/2021
593/20,12.5,3/3/2021
597/21,12.5,3/31/2021
689/06,12.5,3/7/2021
759/01,12.5,3/31/2021
815/01,12.5,3/28/2021
826/20,12.5,3/11/2021
871/17,12.5,3/1/2021
887/20,12.5,3/21/2021
929/19,12.5,3/4/2021
95/18,12.5,3/19/2021
993/14,12.5,3/17/2021
1054/18,12.6,3/19/2021
1073/17,12.6,3/31/2021
1077/19,12.6,3/30/2021
114/21,12.6,3/15/2021
131/19,12.6,3/4/2021
132/21,12.6,3/22/2021
166/20,12.6,3/18/2021
188/21,12.6,4/1/2021
232/18,12.6,3/16/2021
255/03,12.6,3/9/2021
278/19,12.6,3/4/2021
305/11,12.6,3/29/2021
367/13,12.6,3/28/2021
384/20,12.6,3/4/2021
637/11,12.6,3/9/2021
692/18,12.6,3/2/2021
694/18,12.6,3/16/2021
70/12,12.6,3/30/2021
75/20,12.6,3/3/2021
75/20,12.6,3/31/2021
750/15,12.6,3/26/2021
755/20,12.6,3/24/2021
846/18,12.6,3/4/2021
878/17,12.6,3/3/2021
927/20,12.6,3/29/2021
961/08,12.6,3/24/2021
97/18,12.6,3/12/2021
970/19,12.6,3/26/2021
982/16,12.6,3/21/2021
1003/15,12.7,3/3/2021
1006/14,12.7,3/7/2021
1100/19,12.7,4/1/2021
1103/20,12.7,3/19/2021
1103/20,12.7,4/1/2021
1525/3,12.7,3/7/2021
156/16,12.7,3/30/2021
184/21,12.7,3/12/2021
213/18,12.7,3/3/2021
274/21,12.7,3/30/2021
284/19,12.7,3/30/2021
348/18,12.7,3/17/2021
384/20,12.7,3/4/2021
438/18,12.7,3/9/2021
510/15,12.7,3/23/2021
752/14,12.7,3/28/2021
760/02,12.7,3/23/2021
795/20,12.7,3/31/2021
796/17,12.7,3/25/2021
808/18,12.7,3/1/2021
811/10,12.7,3/8/2021
828/18,12.7,3/31/2021
867/20,12.7,3/29/2021
1068/18,12.8,3/30/2021
1085/13,12.8,3/17/2021
1103/20,12.8,3/29/2021
1128/19,12.8,3/4/2021
1489/02,12.8,3/14/2021
166/20,12.8,3/10/2021
1783/09,12.8,3/12/2021
273/21,12.8,3/23/2021
391/20,12.8,3/22/2021
443/05,12.8,3/18/2021
470/14,12.8,3/23/2021
53/19,12.8,3/2/2021
60/21,12.8,3/19/2021
755/19,12.8,3/25/2021
82/21,12.8,3/15/2021
844/04,12.8,3/25/2021
878/17,12.8,3/31/2021
892/13,12.8,3/1/2021
927/19,12.8,3/23/2021
932/18,12.8,3/8/2021
962/20,12.8,3/15/2021
101/21,12.9,3/3/2021
1064/18,12.9,3/4/2021
1073/17,12.9,3/15/2021
1101/07,12.9,4/1/2021
1265/19,12.9,3/16/2021
197/17,12.9,3/4/2021
199/21,12.9,3/16/2021
205/20,12.9,3/18/2021
242/10,12.9,3/23/2021
293/10,12.9,3/23/2021
293/17,12.9,3/7/2021
335/19,12.9,3/22/2021
37/21,12.9,3/14/2021
515/01,12.9,3/7/2021
545/13,12.9,4/1/2021
846/18,12.9,4/1/2021
862/20,12.9,3/17/2021
958/20,12.9,3/16/2021
1-Aug,13,3/22/2021
14-Aug,13,3/23/2021
1017/20,13,3/9/2021
1062/19,13,3/16/2021
1119/20,13,3/17/2021
1136/20,13,3/27/2021
157/18,13,3/23/2021
181/02,13,3/9/2021
312/20,13,3/4/2021
316/11,13,3/16/2021
423/16,13,3/18/2021
450/05,13,4/1/2021
467/04,13,3/25/2021
82/21,13,3/12/2021
840/16,13,3/4/2021
878/09,13,3/16/2021
926/14,13,3/14/2021
937/15,13,3/8/2021
970/19,13,3/30/2021
1101/07,13.1,3/22/2021
1140/20,13.1,3/16/2021
1185/13,13.1,3/19/2021
1239/08,13.1,3/21/2021
1379/16,13.1,3/22/2021
144/16,13.1,3/8/2021
180/19,13.1,3/12/2021
233/21,13.1,3/9/2021
363/08,13.1,3/22/2021
542/11,13.1,3/11/2021
571/13,13.1,3/2/2021
585/17,13.1,3/30/2021
588/00,13.1,3/31/2021
597/20,13.1,3/3/2021
680/18,13.1,3/9/2021
787/20,13.1,3/29/2021
82/21,13.1,3/24/2021
830/17,13.1,4/1/2021
1016/04,13.2,3/18/2021
1090/17,13.2,3/23/2021
1107/14,13.2,3/21/2021
1121/20,13.2,3/12/2021
1464/09,13.2,3/16/2021
1784/15,13.2,3/16/2021
2021/19,13.2,3/26/2021
218/19,13.2,4/2/2021
295/20,13.2,3/2/2021
355/10,13.2,3/23/2021
374/12,13.2,3/17/2021
433/17,13.2,3/4/2021
437/11,13.2,3/14/2021
45/16,13.2,3/10/2021
503/12,13.2,3/4/2021
63/20,13.2,3/19/2021
68/17,13.2,3/19/2021
774/17,13.2,3/2/2021
775/16,13.2,3/30/2021
783/20,13.2,3/30/2021
868/15,13.2,3/15/2021
873/19,13.2,3/3/2021
892/13,13.2,3/29/2021
913/17,13.2,3/9/2021
96/19,13.2,3/8/2021
1001/18,13.3,3/3/2021
1103/20,13.3,3/26/2021
1131/20,13.3,3/22/2021
1139/20,13.3,3/9/2021
178/19,13.3,3/5/2021
234/21,13.3,3/22/2021
251/14,13.3,3/3/2021
27/19,13.3,3/31/2021
351/20,13.3,3/2/2021
378/15,13.3,3/21/2021
392/18,13.3,3/25/2021
439/20,13.3,3/17/2021
477/19,13.3,3/8/2021
594/16,13.3,3/4/2021
644/2017,13.3,3/5/2021
726/17,13.3,3/11/2021
778/19,13.3,3/3/2021
792/15,13.3,3/28/2021
815/17,13.3,3/24/2021
836/17,13.3,3/4/2021
920/20,13.3,3/21/2021
97/08,13.3,4/1/2021
1004/14,13.4,3/7/2021
110/21,13.4,3/3/2021
1136/20,13.4,3/2/2021
1562/02,13.4,3/30/2021
218/19,13.4,3/25/2021
220/21,13.4,3/15/2021
249/21,13.4,3/15/2021
297/02,13.4,3/4/2021
319/05,13.4,3/14/2021
338/14,13.4,3/28/2021
340/09,13.4,3/4/2021
380/14,13.4,3/2/2021
440/07,13.4,3/8/2021
460/12,13.4,3/16/2021
541/19,13.4,3/2/2021
562/01,13.4,3/3/2021
627/12,13.4,3/22/2021
647/18,13.4,3/10/2021
661/20,13.4,3/8/2021
670/15,13.4,3/22/2021
724/12,13.4,3/1/2021
822/03,13.4,3/12/2021
84/06,13.4,4/1/2021
858/14,13.4,3/9/2021
92/09,13.4,3/23/2021
1011/04,13.5,3/30/2021
1117/17,13.5,3/2/2021
1371/09,13.5,3/23/2021
143/15,13.5,3/17/2021
211/17,13.5,3/2/2021
222/11,13.5,3/22/2021
293/17,13.5,3/16/2021
515/05,13.5,3/29/2021
540/15,13.5,3/30/2021
596/18,13.5,3/19/2021
684/11,13.5,3/25/2021
760/11,13.5,3/15/2021
800/10,13.5,3/18/2021
947/16,13.5,3/30/2021
985/06,13.5,3/9/2021
988/02,13.5,3/25/2021
100/19,13.6,3/2/2021
1039/20,13.6,3/15/2021
1051/15,13.6,3/28/2021
1061/07,13.6,3/18/2021
1097/20,13.6,3/9/2021
1103/20,13.6,3/22/2021
1169/05,13.6,4/1/2021
123/21,13.6,3/22/2021
140/21,13.6,3/8/2021
1504/03,13.6,3/2/2021
179/21,13.6,3/26/2021
1806/18,13.6,3/4/2021
208/21,13.6,3/23/2021
21/13,13.6,3/8/2021
254/20,13.6,3/31/2021
339/19,13.6,3/25/2021
56/16,13.6,3/2/2021
696/16,13.6,3/2/2021
709/17,13.6,3/7/2021
763/14,13.6,3/18/2021
778/19,13.6,3/22/2021
82/21,13.6,3/31/2021
908/18,13.6,3/3/2021
964/03,13.6,3/23/2021
1038/14,13.7,3/23/2021
1058/06,13.7,3/18/2021
1074/20,13.7,3/3/2021
1076/04,13.7,3/25/2021
1225/08,13.7,3/4/2021
140/21,13.7,3/12/2021
17/19,13.7,3/25/2021
17427/21,13.7,3/15/2021
271/17,13.7,3/9/2021
276/21,13.7,3/23/2021
321/21,13.7,3/29/2021
348/18,13.7,3/4/2021
524/06,13.7,3/1/2021
615/20,13.7,3/2/2021
64/00,13.7,3/23/2021
697/16,13.7,3/28/2021
874/19,13.7,3/30/2021
892/2019,13.7,3/31/2021
927/18,13.7,3/16/2021
96/16,13.7,3/17/2021
975/12,13.7,3/23/2021
1039/20,13.8,3/19/2021
1080/19,13.8,3/19/2021
1086/13,13.8,3/4/2021
1365/04,13.8,3/2/2021
229/19,13.8,3/4/2021
32/19,13.8,3/5/2021
452/13,13.8,3/4/2021
487/14,13.8,3/24/2021
49/19,13.8,3/4/2021
642/19,13.8,3/16/2021
696/18,13.8,3/23/2021
801/20,13.8,3/28/2021
951/14,13.8,3/1/2021
107/15,13.9,3/5/2021
1143/14,13.9,3/4/2021
1274/09,13.9,3/25/2021
180/19,13.9,3/1/2021
23/13,13.9,3/5/2021
250/15,13.9,3/30/2021
286/09,13.9,3/4/2021
360/20,13.9,3/21/2021
446/07,13.9,3/9/2021
450/14,13.9,3/9/2021
594/13,13.9,3/17/2021
610/12,13.9,3/16/2021
698/19,13.9,3/2/2021
795/19,13.9,3/2/2021
842/19,13.9,3/17/2021
951/14,13.9,3/30/2021
954/14,13.9,4/1/2021
1039/20,14,3/22/2021
1043/16,14,4/1/2021
1120/18,14,3/2/2021
1192/13,14,3/25/2021
174/02,14,3/21/2021
175/13,14,3/26/2021
253/13,14,3/16/2021
345/20,14,3/9/2021
507/16,14,3/9/2021
587/19,14,3/22/2021
62/03,14,3/2/2021
701/15,14,3/14/2021
744/16,14,3/25/2021
749/20,14,3/18/2021
778/19,14,4/2/2021
985/12,14,3/14/2021
140/21,14.1,3/19/2021
140/21,14.1,3/30/2021
268/15,14.1,3/2/2021
271/11,14.1,3/9/2021
358/06,14.1,3/18/2021
37/20,14.1,3/4/2021
381/17,14.1,3/25/2021
471/17,14.1,3/4/2021
662/12,14.1,3/25/2021
696/18,14.1,3/25/2021
753/17,14.1,3/30/2021
841/05,14.1,3/23/2021
876/08,14.1,3/18/2021
891/08,14.1,3/5/2021
1087/19,14.2,3/25/2021
1128/13,14.2,3/25/2021
1177/07,14.2,3/30/2021
1399/20,14.2,4/1/2021
140/21,14.2,3/5/2021
228/10,14.2,3/9/2021
539/12,14.2,3/17/2021
664/19,14.2,3/12/2021
696/17,14.2,4/1/2021
840/14,14.2,3/1/2021
851/20,14.2,3/2/2021
940/18,14.2,3/26/2021
946/10,14.2,3/23/2021
1084/10,14.3,3/11/2021
138/21,14.3,3/26/2021
209/14,14.3,3/25/2021
215/18,14.3,3/25/2021
54/18,14.3,3/16/2021
637/03,14.3,3/2/2021
696/18,14.3,3/11/2021
760/16,14.3,3/17/2021
783/20,14.3,3/2/2021
846/11,14.3,4/1/2021
1039/20,14.4,3/30/2021
1093/13,14.4,3/25/2021
140/21,14.4,3/26/2021
146/20,14.4,3/3/2021
184/21,14.4,3/31/2021
198/20,14.4,3/30/2021
198/20,14.4,3/14/2021
351/11,14.4,3/2/2021
366/19,14.4,4/1/2021
49/19,14.4,4/1/2021
491/11,14.4,4/1/2021
803/20,14.4,3/16/2021
82/18,14.4,3/24/2021
1069/20,14.5,3/25/2021
140/21,14.5,3/15/2021
192/16,14.5,3/8/2021
37/11,14.5,3/24/2021
444/20,14.5,3/7/2021
456/14,14.5,3/18/2021
489/18,14.5,3/15/2021
600/17,14.5,3/21/2021
906/20,14.5,3/4/2021
906/20,14.5,3/4/2021
906/20,14.5,4/1/2021
1039/15,14.6,3/23/2021
1039/20,14.6,3/26/2021
1069/09,14.6,3/18/2021
1073/19,14.6,3/25/2021
1099/20,14.6,3/9/2021
151/16,14.6,3/8/2021
284/21,14.6,3/25/2021
380/05,14.6,3/23/2021
41/18,14.6,3/25/2021
484/19,14.6,3/14/2021
580/18,14.6,3/9/2021
61/15,14.6,3/1/2021
797/10,14.6,4/1/2021
863/09,14.6,3/9/2021
990/20,14.6,3/30/2021
1014/17,14.7,3/16/2021
1532/09,14.7,3/11/2021
1553/03,14.7,3/3/2021
237/18,14.7,3/18/2021
271/11,14.7,3/30/2021
325/06,14.7,4/1/2021
33/15,14.7,3/22/2021
46/19,14.7,3/21/2021
544/15,14.7,4/1/2021
83/00,14.7,3/30/2021
874/17,14.7,3/7/2021
220/10,14.8,3/16/2021
24/10,14.8,3/11/2021
284/13,14.8,3/14/2021
299/18,14.8,3/18/2021
50/15,14.8,4/1/2021
65/00,14.8,3/23/2021
1061/9,14.9,3/14/2021
1075/18,14.9,3/10/2021
130/17,14.9,3/26/2021
140/21,14.9,3/22/2021
242/27,14.9,3/19/2021
248/21,14.9,3/15/2021
263/21`,14.9,3/16/2021
29/06,14.9,3/16/2021
376/10,14.9,3/18/2021
734/17,14.9,3/22/2021
974/16,14.9,3/16/2021
21-May,15,3/12/2021
1421/09,15,3/29/2021
156/20,15,3/15/2021
17/17,15,3/14/2021
271/11,15,3/16/2021
45/11,15,4/1/2021
544/20,15,3/29/2021
603/19,15,3/7/2021
623/02,15,3/11/2021
638/20,15,3/16/2021
707/11,15,3/22/2021
732/18,15,4/1/2021
778/15,15,3/5/2021
83/14,15,3/11/2021
16-Mar,15.1,3/18/2021
115/11,15.1,3/18/2021
211/08,15.1,3/4/2021
22/15,15.1,3/5/2021
244/18,15.1,3/24/2021
34/20,15.1,3/19/2021
395/19,15.1,3/3/2021
54/14,15.1,4/1/2021
581/18,15.1,3/16/2021
625/16,15.1,3/30/2021
719/11,15.1,4/1/2021
983/14,15.1,3/4/2021
113/18,15.2,3/14/2021
179/13,15.2,3/9/2021
363/19,15.2,3/16/2021
377/17,15.2,3/9/2021
54/11,15.2,3/25/2021
755/18,15.2,4/1/2021
846/20,15.2,3/16/2021
1138/18,15.3,3/25/2021
137/18,15.3,3/18/2021
1596/01,15.3,3/25/2021
324/14,15.3,3/14/2021
483/12,15.3,3/30/2021
51/15,15.3,3/10/2021
703/20,15.3,3/25/2021
705/02,15.3,3/9/2021
901/11,15.3,3/4/2021
995/13,15.3,3/10/2021
175/21,15.4,3/2/2021
284/21,15.4,3/29/2021
42/20,15.4,3/9/2021
45/15,15.4,3/16/2021
652/04,15.4,3/9/2021
1011/17,15.5,3/21/2021
1101/14,15.5,3/21/2021
466/19,15.5,4/1/2021
615/18,15.5,3/30/2021
943/12,15.5,3/28/2021
1088/17,15.6,3/16/2021
1159/08,15.6,4/1/2021
126/16,15.6,3/10/2021
127/13,15.6,3/9/2021
147/19,15.6,3/15/2021
18/19,15.6,3/5/2021
421/20,15.6,3/18/2021
521/12,15.6,3/4/2021
60/20,15.6,3/30/2021
768/11,15.6,3/21/2021
1159/08,15.7,3/4/2021
247/04,15.7,3/2/2021
369/12,15.7,3/18/2021
771/18,15.7,3/16/2021
284/21,15.8,4/1/2021
527/09,15.8,3/18/2021
574/15,15.8,3/18/2021
60/20,15.8,3/2/2021
89/16,15.8,3/28/2021
900/20,15.8,3/25/2021
98/11,15.8,3/9/2021
1039/19,15.9,3/16/2021
1855/18,15.9,3/15/2021
293/15,15.9,3/16/2021
293/21,15.9,4/1/2021
817/13,15.9,3/25/2021
1127/17,16,3/22/2021
40/19,16,3/4/2021
619/20,16,3/8/2021
785/12,16,3/30/2021
987/18,16,3/16/2021
