03/20/20,152,11/6/2020  
04/11,54,12/1/2020  
04/18,681,11/29/2020  
05/17,1421,11/18/2020  
06/20,147,11/5/2020  
07/20,908,11/11/2020  
07/20,787,11/3/2020  
08/20,777,11/30/2020  
09/20,101,11/6/2020  
10/16,751,11/27/2020  
10/20,921,11/7/2020  
100/19,128,11/27/2020  
100/19,128,11/18/2020  
100/19,131,11/11/2020  
100/19,121,11/3/2020  
100/20,980,11/13/2020  
1000/19,73,11/11/2020  
1000/20,546,11/11/2020  
1001/18,550,11/2/2020  
1003/20,63,11/11/2020  
1004/13,461,11/4/2020  
1004/17,410,11/15/2020  
1004/20,84,11/25/2020  
1007/13,1283,11/3/2020  
1007/20,90,11/12/2020  
1008/15,559,11/2/2020  
1008/19,65,12/1/2020  
1009/20,451,11/26/2020  
101/20,858,11/2/2020  
1010/16,107,11/29/2020  
1010/16,82,11/3/2020  
1010/17,102,11/5/2020  
1011/06,72,11/25/2020  
1011/17,78,11/29/2020  
1011/17,60,11/5/2020  
1012/19,1393,11/4/2020  
1012/20,218,11/19/2020  
1014/17,103,11/24/2020  
1014/20,152,11/16/2020  
1015/17,942,11/5/2020  
1015/19,652,11/5/2020  
1016/04,383,11/25/2020  
1016/20,122,11/16/2020  
1017/20,158,11/17/2020  
102/13,60,11/23/2020  
1020/01,579,11/25/2020  
1020/20,98,11/18/2020  
1021/20,553,11/18/2020  
1022/20,55,11/22/2020  
1025/20,479,11/19/2020  
1026/20,1366,11/22/2020  
1027/04,498,11/5/2020  
1028/19,699,11/2/2020  
1028/20,415,11/25/2020  
1029/18,1041,11/3/2020  
103/16,383,11/24/2020  
1031/18,941,11/3/2020  
1035/20,112,11/24/2020  
1036/14,39,11/3/2020  
1037/20,618,11/26/2020  
1038/17,764,11/2/2020  
1038/19,51,11/10/2020  
1038/20,123,12/1/2020  
1038/20,133,11/27/2020  
104/03,239,12/1/2020  
104/03,1204,11/5/2020  
104/17,398,11/4/2020  
1041/12,99,11/12/2020  
1042/15,97,11/12/2020  
1042/20,245,11/25/2020  
1043/20,195,11/25/2020  
1044/20,239,11/25/2020  
1045/20,123,11/25/2020  
1046/15,755,11/2/2020  
1046/20,363,11/25/2020  
1048/20,57,11/26/2020  
1049/20,266,11/23/2020  
105/13,134,11/17/2020  
105/17,577,11/8/2020  
105/20,98,11/30/2020  
105/20,93,11/27/2020  
105/20,101,11/27/2020  
105/20,90,11/23/2020  
105/20,102,11/18/2020  
105/20,108,11/17/2020  
105/20,88,11/13/2020  
105/20,101,11/9/2020  
105/20,93,11/6/2020  
105/20,102,11/3/2020  
1050/15,1298,11/3/2020  
1050/19,403,11/25/2020  
1051/12,410,11/23/2020  
1051/15,243,11/8/2020  
1053/19,614,11/22/2020  
1054/14,102,11/22/2020  
1055/13,686,11/23/2020  
1055/19,681,11/3/2020  
1056/17,809,11/3/2020  
1057/18,500,12/1/2020  
1057/18,471,11/3/2020  
1058/19,465,11/12/2020  
106/20,305,11/9/2020  
1061/09,86,11/22/2020  
1061/19,694,11/4/2020  
1062/19,116,11/24/2020  
1064/10,114,11/22/2020  
1064/14,603,11/4/2020  
1064/18,1396,11/2/2020  
1065/18,436,11/11/2020  
1066/04,128,11/19/2020  
1066/19,599,11/20/2020  
1067/09,142,11/26/2020  
1068/20,165,11/27/2020  
1069/10,1120,11/13/2020  
1069/13,81,11/17/2020  
1069/14,72,11/24/2020  
107/19,1136,11/4/2020  
1072/17,606,11/15/2020  
1074/19,1037,11/5/2020  
1076/04,163,11/5/2020  
1077/18,955,11/3/2020  
1077/19,130,12/1/2020  
1077/19,118,11/25/2020  
1077/19,114,11/18/2020  
1077/19,132,11/11/2020  
1077/19,135,11/4/2020  
1079/10,990,11/16/2020  
108/17,50,11/9/2020  
1080/19,1104,11/9/2020  
1081/10,75,11/24/2020  
1083/18,105,12/1/2020  
1083/18,758,11/6/2020  
1083/18.,766,12/1/2020  
1084/10,109,11/17/2020  
1085/9,144,11/12/2020  
1086/17,778,11/4/2020  
1086/18,99,12/1/2020  
1086/19,283,11/11/2020  
1087/19,180,11/30/2020  
1087/19,208,11/26/2020  
1087/19,247,11/16/2020  
1087/19,360,11/9/2020  
1088/19,562,11/24/2020  
1088/19,511,11/8/2020  
1089/14,154,11/2/2020  
1089/18,948,12/1/2020  
1089/18,890,11/5/2020  
1091/17,1060,11/2/2020  
1091/19,397,11/10/2020  
1093/17,921,11/5/2020  
1098/17,695,12/1/2020  
1098/18,901,11/4/2020  
1099/17,1268,11/5/2020  
1099/19,103,11/10/2020  
11/19,96,11/19/2020  
11/20,80,11/13/2020  
110/16,865,11/5/2020  
110/18,592,11/3/2020  
1101/07,113,11/4/2020  
1101/14,71,11/29/2020  
1108/17,95,11/22/2020  
111/03,1163,11/3/2020  
1110/17,471,11/19/2020  
1112/09,355,11/22/2020  
1113/17,526,11/2/2020  
1114/19,1265,11/25/2020  
1114/19,883,11/9/2020  
1115/19,935,11/2/2020  
1117/07,132,11/16/2020  
1117/13,198,11/10/2020  
1118/18,189,11/17/2020  
1119/17,915,11/2/2020  
112/19,160,11/15/2020  
112/20,854,11/5/2020  
1121/18,103,11/24/2020  
1124/13,862,11/2/2020  
1124/19,437,11/10/2020  
1126/18,199,11/4/2020  
1130/19,831,11/3/2020  
1130/19.,1448,11/3/2020  
1133/18,659,11/22/2020  
1134/9,1013,11/6/2020  
1137/19,1144,11/5/2020  
1138/18,85,11/4/2020  
1139/18,178,11/12/2020  
114/20,325,11/12/2020  
1140/18,275,11/6/2020  
1143/14,154,11/8/2020  
115/19,1110,11/17/2020  
115/20,234,11/4/2020  
1153/13,405,11/18/2020  
116/18,913,11/3/2020  
1179/08,626,11/9/2020  
118/19,805,11/3/2020  
1185/13,1917,11/5/2020  
1185/13,1891,11/5/2020  
119/13,121,11/12/2020  
1193/20,188,11/23/2020  
1206/09,97,11/8/2020  
122/20,1156,11/5/2020  
1224/20.,56,11/5/2020  
1226/13,1025,11/5/2020  
1228/06,184,11/8/2020  
123/14,863,11/5/2020  
1247/08,1545,11/5/2020  
1247/09,168,11/24/2020  
1247/09,162,11/17/2020  
1247/09,156,11/15/2020  
1253/07,153,11/5/2020  
128/18,701,11/2/2020  
1283/07,721,11/6/2020  
129/19,799,11/5/2020  
13/20,761,11/9/2020  
130/19,506,11/12/2020  
130/20,306,11/15/2020  
1307/20,166,11/19/2020  
131/19,1488,11/2/2020  
1316/06,77,11/13/2020  
132/19,100,11/23/2020  
132/19,832,11/12/2020  
1321/20,7229,11/23/2020  
1321/20,99,11/23/2020  
1338/02,146,11/24/2020  
1339/20,115,11/30/2020  
1339/20,124,11/2/2020  
1340/20,144,11/2/2020  
1346/17,150,11/23/2020  
135/19,121,11/17/2020  
137/11,201,11/17/2020  
137/14,51,11/2/2020  
1380/20,107,11/23/2020  
1382/20,72,11/23/2020  
1383/20,79,11/23/2020  
1389/09,94,11/17/2020  
1390/08,81,11/17/2020  
1394/03,209,11/2/2020  
1394/20,227,12/1/2020  
1399/20,71,11/19/2020  
14/20,370,11/11/2020  
14/20,75,11/6/2020  
140/20,655,11/12/2020  
140/20,819,11/11/2020  
1405/20,141,11/23/2020  
1406/20,62,11/23/2020  
1407/20,561,11/23/2020  
1408/6,99,11/13/2020  
1409/20,81,11/23/2020  
141/15,238,11/27/2020  
1411/04,150,11/30/2020  
1411/20,65,11/23/2020  
1419/20,224,11/26/2020  
1424/02,326,11/18/2020  
145/16,102,11/8/2020  
145/19,733,11/3/2020  
145/20,477,11/6/2020  
145/20,1209,11/3/2020  
146/20,862,11/2/2020  
1472/02,320,11/9/2020  
149/02,117,11/26/2020  
149/20,102,11/12/2020  
15/20,891,11/2/2020  
15/20.,387,11/2/2020  
150/18,877,11/4/2020  
151/09,916,11/5/2020  
151/16,147,11/16/2020  
1517/18,57,11/6/2020  
152/19,667,11/3/2020  
153/19,73,11/19/2020  
1532/09,111,11/19/2020  
1537/09,506,11/3/2020  
154/20,123,12/1/2020  
154/20,125,11/23/2020  
154/20,122,11/21/2020  
154/20,118,11/16/2020  
154/20,111,11/12/2020  
154/20,104,11/9/2020  
154/20,102,11/6/2020  
154/20,113,11/3/2020  
155/20,235,11/11/2020  
156/16,79,11/10/2020  
156/19,1014,11/3/2020  
156/20,621,11/9/2020  
1563/02,56,11/10/2020  
158/19,106,11/23/2020  
158/20,614,11/9/2020  
158/20,637,11/6/2020  
159/14,217,11/8/2020  
159/18,1045,11/5/2020  
160/13,1408,11/10/2020  
160/13...,871,11/10/2020  
1602/03,110,11/17/2020  
1624/18,135,11/23/2020  
1636/03,261,11/15/2020  
164/16,284,11/12/2020  
1659/01,104,11/10/2020  
1664/03,119,11/16/2020  
167/09,100,11/18/2020  
1678/01,112,11/5/2020  
1689/18,95,11/27/2020  
169/12,98,11/6/2020  
1695/01,111,11/4/2020  
17/17,83,11/22/2020  
17/19,123,11/6/2020  
170/18,759,11/13/2020  
1716/01,595,11/2/2020  
173/18,725,11/3/2020  
174/15,198,11/26/2020  
175/19,306,11/9/2020  
175/49,150,11/27/2020  
176/18??,67,11/18/2020  
176/19,372,11/4/2020  
177121..,500,11/15/2020  
178/20,275,11/4/2020  
18/19,93,11/26/2020  
18/19,102,11/18/2020  
18/19,99,11/13/2020  
18/19,115,11/11/2020  
18/19,104,11/4/2020  
180/12,68,11/27/2020  
181/20,369,11/19/2020  
182/17,1059,11/3/2020  
1824/19,52,11/13/2020  
183/13,135,11/8/2020  
183/18,63,11/26/2020  
183/19,900,12/1/2020  
183/19,719,11/24/2020  
183/19,631,11/4/2020  
183/19,918,11/3/2020  
1839/05,598,11/27/2020  
185/19,1119,12/1/2020  
185/19,1082,11/20/2020  
185/19,946,11/3/2020  
186/16,70,11/30/2020  
186/17,124,11/16/2020  
187/19,139,11/24/2020  
189/18,682,11/5/2020  
19/16,139,11/15/2020  
19/20,99,11/24/2020  
19/20,873,11/6/2020  
190/06,183,11/24/2020  
190/18,92,11/5/2020  
190/19,623,11/11/2020  
191/18,108,11/29/2020  
191/19,134,11/24/2020  
191/19,352,11/5/2020  
192/16,145,11/16/2020  
193/13,105,11/2/2020  
193/14,335,11/25/2020  
193/17,773,11/4/2020  
194/16,93,11/27/2020  
195/20,128,11/14/2020  
195/20.,129,11/14/2020  
196/11,269,11/22/2020  
197/20,1172,11/11/2020  
198/17,68,11/8/2020  
198/20,134,11/24/2020  
199/18,460,11/13/2020  
199/19,66,11/5/2020  
20/18,569,11/23/2020  
20/18,108,11/13/2020  
202/07,247,11/16/2020  
2020/18,190,11/4/2020  
2020/19,636,11/5/2020  
203/13,1004,11/16/2020  
204/20,768,11/2/2020  
205/20,143,11/26/2020  
207/19,473,11/13/2020  
210/11,587,11/4/2020  
211/14,61,11/23/2020  
211/15,245,11/25/2020  
211/17,795,11/3/2020  
213/18,842,11/5/2020  
214/18,79,11/5/2020  
215/20,210,11/27/2020  
216/17,174,11/24/2020  
217/19,107,12/1/2020  
217/19,96,11/3/2020  
218/19,110,11/26/2020  
218/19,117,11/19/2020  
218/20,1126,11/3/2020  
220/10,131,11/24/2020  
220/15,193,11/10/2020  
220/20,892,11/27/2020  
221/20,98,12/1/2020  
221/20,91,11/27/2020  
221/20,92,11/23/2020  
221/20,92,11/17/2020  
221/20,103,11/13/2020  
221/20,104,11/9/2020  
221/20,103,11/6/2020  
222/11,96,11/16/2020  
223/12,395,11/23/2020  
223/17,921,11/3/2020  
2238/19,93,11/5/2020  
226/10,767,11/6/2020  
226/14,78,11/8/2020  
227/18,933,11/2/2020  
229/19,824,11/2/2020  
23/20,103,11/27/2020  
23/20,102,11/24/2020  
230/15,140,11/26/2020  
231/20,393,11/5/2020  
232/19,253,11/2/2020  
232/20,110,11/25/2020  
232/20,95,11/18/2020  
232/20,98,11/12/2020  
232/20,89,11/9/2020  
232/20,97,11/6/2020  
232/20,98,11/2/2020  
233/09,94,11/23/2020  
235/20,726,11/13/2020  
237/20,1154,12/1/2020  
237/20,1167,11/2/2020  
238/18,675,11/13/2020  
238/18,700,11/13/2020  
238/20,886,12/1/2020  
239/20,39,11/6/2020  
24/02,127,11/19/2020  
24/17,469,11/30/2020  
240/19,169,11/12/2020  
245/17,152,12/1/2020  
246/18,769,11/14/2020  
246/20,123,11/16/2020  
25/12,75,11/4/2020  
250/20,746,11/5/2020  
252/20,782,11/5/2020  
253/13,104,11/19/2020  
253/16,612,11/6/2020  
254/10,119,11/3/2020  
255/14,744,11/5/2020  
255/18,563,11/2/2020  
256/18,101,11/26/2020  
256/20,646,11/9/2020  
257/19,699,11/9/2020  
257/19,777,11/6/2020  
258/20,281,11/12/2020  
261/09,148,11/17/2020  
263/19,557,11/5/2020  
264/16,1160,11/2/2020  
267/17,52,11/2/2020  
268/15,88,11/10/2020  
269/14,850,11/4/2020  
27/09,92,11/3/2020  
273/15,483,11/2/2020  
274/19,104,11/24/2020  
276/15,90,11/22/2020  
277/18,1269,11/3/2020  
277/19,971,11/13/2020  
278/09,124,11/15/2020  
278/13,79,11/19/2020  
278/19,303,11/12/2020  
279/13,728,11/6/2020  
28/19,609,11/2/2020  
280/19,575,11/6/2020  
281/16,487,11/25/2020  
281/16,505,11/11/2020  
281/16,579,11/2/2020  
281/19,939,11/24/2020  
284/13,110,11/22/2020  
284/20,71,11/30/2020  
284/20,81,11/27/2020  
285/190,49,11/19/2020  
288/17,126,11/19/2020  
288/20,1071,11/16/2020  
288/20,1277,11/2/2020  
2896/20,63,11/29/2020  
2896/20,56,11/19/2020  
2896/20,53,11/3/2020  
29/04,639,11/3/2020  
29/15,82,11/12/2020  
29/19,125,11/3/2020  
29/20,132,11/13/2020  
290/20,661,11/3/2020  
291/06,94,11/22/2020  
292/20,607,11/20/2020  
293/14,938,11/24/2020  
293/17,119,11/17/2020  
293/17,131,11/13/2020  
293/17,134,11/11/2020  
293/17,126,11/3/2020  
293/20,507,11/2/2020  
297/19,387,11/11/2020  
297/20,420,11/4/2020  
298/20,102,12/1/2020  
298/20,91,11/3/2020  
299/06,684,11/3/2020  
299/13,386,11/11/2020  
299/19,952,11/3/2020  
299/20,379,11/5/2020  
30/19,51,11/5/2020  
300/16,733,11/3/2020  
301/19,307,11/19/2020  
301/20,683,11/26/2020  
302/20,610,11/2/2020  
303/20,257,11/26/2020  
304/18,130,11/24/2020  
305/16,184,11/29/2020  
305/20,440,11/25/2020  
306/18,112,12/1/2020  
306/18,118,11/17/2020  
307/11,65,11/17/2020  
312/20,625,11/2/2020  
3128/16,196,11/23/2020  
313/19,110,11/27/2020  
313/19,96,11/23/2020  
313/19,96,11/16/2020  
313/19,87,11/13/2020  
313/19,88,11/10/2020  
313/19,89,11/6/2020  
313/19,89,11/2/2020  
32/19,811,11/3/2020  
320/04,702,11/10/2020  
320/06,691,11/3/2020  
320/17,1077,11/6/2020  
323/17,74,11/17/2020  
325/20,331,11/11/2020  
327/17,387,11/18/2020  
327/19,525,11/11/2020  
328/02,304,11/10/2020  
328/18,80,11/10/2020  
329/16,160,11/26/2020  
329/16,161,11/12/2020  
33/20,749,11/13/2020  
331/19,414,11/12/2020  
333/18,496,11/3/2020  
333/19,577,11/15/2020  
334/07,596,11/4/2020  
337/17,165,11/12/2020  
338/14,104,11/8/2020  
339/12,62,11/5/2020  
339/20,689,11/9/2020  
34/20,1041,11/9/2020  
340/00,228,11/17/2020  
340/00,232,11/5/2020  
340/06,242,11/25/2020  
340/17,66,12/1/2020  
340/17,51,11/3/2020  
341/17,43,11/8/2020  
344/20,581,11/22/2020  
344/20,567,11/4/2020  
345/19,70,11/3/2020  
345/20,77,11/16/2020  
347/18,56,11/2/2020  
347/20,46,11/30/2020  
347/20,49,11/2/2020  
348/20,142,11/24/2020  
35/18,124,11/13/2020  
350/18,1000,11/4/2020  
350/19,593,11/5/2020  
351/11,101,11/10/2020  
351/20,498,11/3/2020  
353/20,859,11/16/2020  
357/20,976,11/12/2020  
358/12,114,11/8/2020  
358/17,523,11/2/2020  
358/19,713,11/5/2020  
358/20,1467,11/24/2020  
36/20,1097,11/3/2020  
360/16,1750,11/3/2020  
361/10,157,12/1/2020  
361/19,361,11/22/2020  
362/12,191,11/19/2020  
362/19,946,11/2/2020  
363/18,652,11/4/2020  
363/19,108,11/24/2020  
364/13,576,11/15/2020  
364/13,484,11/9/2020  
364/15,138,11/24/2020  
366/19,91,11/12/2020  
367/12,997,11/2/2020  
367/13,114,11/8/2020  
367/18,40,11/3/2020  
369/11,264,11/12/2020  
369/17,1031,11/3/2020  
369/19,871,11/4/2020  
37/11,171,11/2/2020  
37/13,58,11/27/2020  
371/15,171,11/24/2020  
371/18,212,11/23/2020  
372/20,528,11/5/2020  
372/20,536,11/5/2020  
373/17,368,11/13/2020  
375/18,63,11/22/2020  
377/13,828,11/3/2020  
379/16,147,11/4/2020  
379/17,1236,11/2/2020  
379/19,117,11/17/2020  
38/19,301,11/10/2020  
38/20,496,11/4/2020  
381/15,123,11/24/2020  
381/19,131,11/11/2020  
381/19,129,11/9/2020  
381/19,112,11/6/2020  
381/19,108,11/2/2020  
382/19,127,11/12/2020  
383/16,815,11/4/2020  
383/19,474,11/25/2020  
384/20,169,12/1/2020  
384/20,160,11/26/2020  
385/18,647,11/20/2020  
385/19,980,11/3/2020  
386/20,70,11/17/2020  
386/20,768,11/6/2020  
387/16,117,11/12/2020  
387/20,610,11/4/2020  
388/07,288,11/29/2020  
388/18,624,11/25/2020  
388/20,171,11/5/2020  
389/17,1666,11/6/2020  
389/20,1087,11/17/2020  
39/16,485,11/15/2020  
390/19,191,11/19/2020  
392/08,107,11/12/2020  
393/20,108,11/17/2020  
394/15,914,11/2/2020  
394/19,468,11/19/2020  
394/20,202,11/16/2020  
395/18,125,11/4/2020  
396/00,107,12/1/2020  
398/03,124,11/8/2020  
398/20,158,12/1/2020  
398/20,803,11/2/2020  
399/12,658,11/15/2020  
400/15,487,11/25/2020  
400/15,543,11/4/2020  
400/17,91,11/24/2020  
401/17,981,11/13/2020  
401/18,124,11/3/2020  
401/19,153,11/13/2020  
401/20,684,11/17/2020  
402/16,261,11/5/2020  
403/20,629,11/25/2020  
404/15,725,11/9/2020  
405/10,577,11/5/2020  
405/16,1178,11/4/2020  
405/20,481,11/9/2020  
406/15,147,11/16/2020  
407/03,93,11/19/2020  
407/03,96,11/12/2020  
407/08,410,11/16/2020  
407/18,777,11/29/2020  
407/19,348,11/25/2020  
407/20,936,11/6/2020  
410/15,151,11/23/2020  
410/17,829,11/25/2020  
410/20,159,12/1/2020  
411/18,307,11/5/2020  
412/20,412,11/25/2020  
414/00,68,11/22/2020  
415/15,659,12/1/2020  
415/15,805,11/3/2020  
415/17,903,11/6/2020  
415/20,522,11/20/2020  
416/20,505,11/22/2020  
42/19,105,11/6/2020  
420/19,1375,11/13/2020  
421/19,894,11/4/2020  
421/20,98,11/26/2020  
423/14,624,11/6/2020  
423/16,120,11/26/2020  
423/20,547,11/24/2020  
423/20,731,11/6/2020  
424/19,1039,11/14/2020  
425/18,810,11/3/2020  
427/11,609,12/1/2020  
427/11,760,11/3/2020  
427/18,869,11/12/2020  
429/20,414,11/6/2020  
43/14,1447,11/7/2020  
430/10,468,11/8/2020  
430/10,62,11/5/2020  
430/20,716,11/3/2020  
431/20,593,11/30/2020  
432/19,122,11/5/2020  
435/15,107,11/24/2020  
435/20,100,11/6/2020  
436/18,1019,11/3/2020  
437/11,153,11/26/2020  
438/06,903,11/3/2020  
438/19,76,11/19/2020  
439/20,684,11/11/2020  
44/19,90,12/1/2020  
44/19,94,11/17/2020  
44/19,90,11/3/2020  
44/20,163,11/30/2020  
44/20,177,11/26/2020  
44/20,173,11/23/2020  
44/20,213,11/16/2020  
44/20,229,11/13/2020  
440/18,1310,11/11/2020  
440/20,141,11/6/2020  
440/20,808,11/5/2020  
442/20,337,11/4/2020  
443/05,221,11/26/2020  
443/05,210,11/18/2020  
443/05,220,11/11/2020  
443/05,212,11/4/2020  
444/18,289,11/10/2020  
444/20,358,11/15/2020  
445/14,123,11/8/2020  
446/07,78,11/17/2020  
446/18,115,11/22/2020  
446/20,668,11/11/2020  
449/18,754,11/9/2020  
449/20,180,11/13/2020  
449/20,665,11/4/2020  
45/14,487,11/5/2020  
45/18,108,11/13/2020  
451/18,564,11/16/2020  
452/13,911,11/2/2020  
455/12,723,11/8/2020  
455/17,63,11/18/2020  
456/20,112,11/18/2020  
457/19,106,11/22/2020  
457/20,1143,11/16/2020  
458/17,695,11/2/2020  
459/11,693,11/6/2020  
459/40,227,11/24/2020  
46/19,126,11/5/2020  
461/18,128,12/1/2020  
462/20,1047,11/6/2020  
462/20,575,11/3/2020  
463/18,526,11/4/2020  
465/20,193,11/10/2020  
470/13,171,11/22/2020  
470/13,196,11/10/2020  
470/19,609,11/29/2020  
471/17,110,11/26/2020  
471/20,64,11/24/2020  
471/20,696,11/6/2020  
472/20,370,11/11/2020  
474/09,181,11/23/2020  
474/20,324,11/8/2020  
475/16,758,11/2/2020  
478/20,414,11/6/2020  
479/17,497,11/3/2020  
48/17,1123,11/13/2020  
480/16,168,11/30/2020  
480/16,160,11/27/2020  
480/16,112,11/27/2020  
480/16,212,11/24/2020  
480/16,643,11/16/2020  
480/20,1252,11/12/2020  
481/17,567,11/2/2020  
481/19,438,11/25/2020  
482/20,460,11/8/2020  
483/12,97,11/24/2020  
483/19,84,11/26/2020  
483/19,975,11/2/2020  
485/08,79,11/26/2020  
485/14,394,11/23/2020  
486/13,72,11/9/2020  
486/19,528,11/23/2020  
486/20,422,11/13/2020  
486/20,424,11/12/2020  
488/14,732,11/9/2020  
488/15,412,11/24/2020  
489/16,672,11/19/2020  
489/20,1051,11/21/2020  
49/06,1318,11/5/2020  
49/15,110,11/24/2020  
49/19,96,11/12/2020  
49/20,88,11/11/2020  
491/11,73,11/12/2020  
492/19,679,11/17/2020  
492/19.,766,11/2/2020  
492/20,616,11/23/2020  
495/18,196,12/1/2020  
495/18,230,11/3/2020  
495/25,977,11/2/2020  
497/19,376,11/11/2020  
498/12,694,11/24/2020  
50/18,873,12/1/2020  
500/16,637,11/18/2020  
502/19,201,11/2/2020  
503/18,108,11/8/2020  
505/11,1375,11/3/2020  
505/20,145,11/12/2020  
510/1,125,11/23/2020  
511/18,332,11/15/2020  
511/20,451,11/18/2020  
512/20,356,11/19/2020  
515/20,58,11/26/2020  
516/20,151,11/2/2020  
517/19,1160,11/2/2020  
519/19,84,11/3/2020  
519/20,637,11/2/2020  
52/07,90,11/8/2020  
520/20,393,11/9/2020  
521/12,138,11/12/2020  
523/17,913,11/7/2020  
524/07,183,11/26/2020  
524/20,497,11/13/2020  
526/20,517,11/11/2020  
529/17,339,11/25/2020  
529/20,66,11/22/2020  
53/19,180,11/10/2020  
53/20,139,11/19/2020  
530/14,777,11/2/2020  
530/16,410,11/19/2020  
534/04,530,11/13/2020  
535/19,683,11/3/2020  
538/20,1026,11/3/2020  
540/15,129,11/8/2020  
540/19,118,11/12/2020  
541/19,725,11/3/2020  
543/13,108,11/16/2020  
544/20,79,11/3/2020  
545/20,84,11/19/2020  
546/13,78,11/8/2020  
547/16,120,11/17/2020  
547/16,128,11/11/2020  
547/16,125,11/3/2020  
547/17,69,11/17/2020  
547/20,765,11/12/2020  
549/13,67,11/2/2020  
549/16,121,11/26/2020  
549/20,400,11/30/2020  
55/16,997,11/3/2020  
550/20,362,11/30/2020  
551/12,94,12/1/2020  
551/12,97,11/26/2020  
551/12,86,11/16/2020  
551/12,86,11/12/2020  
551/12,79,11/9/2020  
551/12,103,11/2/2020  
552/19,135,11/17/2020  
553/15,271,11/2/2020  
556/05,287,11/23/2020  
556/19,1159,11/2/2020  
558/15,66,11/30/2020  
559/20,266,11/29/2020  
561/20,844,11/3/2020  
562/01,669,11/2/2020  
562/16,1002,11/4/2020  
563/19,288,11/23/2020  
563/19,782,11/2/2020  
564/04,68,11/26/2020  
566/20,167,11/23/2020  
567/16,142,11/19/2020  
567/17,1237,11/2/2020  
567/19,155,11/26/2020  
568/20.,146,11/13/2020  
57/08,834,11/3/2020  
570/19,834,11/23/2020  
574/03,169,11/9/2020  
574/17,72,11/26/2020  
575/19,833,11/4/2020  
575/20,355,11/5/2020  
576/18,1010,11/14/2020  
578/15,259,11/29/2020  
578/19,522,11/22/2020  
578/20,55,11/5/2020  
579/16,657,11/4/2020  
58/11,482,11/23/2020  
58/17,887,11/2/2020  
58/19,227,11/25/2020  
58/20,290,11/26/2020  
58/20,247,11/24/2020  
58/20,238,11/16/2020  
58/20,254,11/13/2020  
58/20,234,11/10/2020  
58/20,224,11/6/2020  
58/20,279,11/2/2020  
580/15,916,11/13/2020  
580/15,818,11/3/2020  
580/18,115,11/19/2020  
580/20,210,11/6/2020  
581/12,111,11/15/2020  
581/20,548,11/11/2020  
581/20,576,11/3/2020  
582/01,648,11/5/2020  
582/16,586,11/2/2020  
582/18,163,11/20/2020  
583/19,778,11/11/2020  
583/20,590,11/11/2020  
584/09,994,11/5/2020  
585/17,92,11/10/2020  
585/19,1526,11/12/2020  
586/14,89,11/8/2020  
588/17,77,11/16/2020  
589/20,566,11/12/2020  
59/15,930,11/2/2020  
591/03,67,11/3/2020  
592/20,729,11/18/2020  
593/19,617,11/2/2020  
593/20,127,11/11/2020  
594/16,1008,11/3/2020  
594/20,440,11/11/2020  
595/19,731,11/5/2020  
595/20,753,11/11/2020  
595/20,637,11/2/2020  
596/17,315,11/5/2020  
597/17,455,11/2/2020  
598/20,595,11/10/2020  
599/19,371,11/6/2020  
60/15,757,11/5/2020  
60/17,165,11/22/2020  
60/20,122,11/13/2020  
60/20,95,11/12/2020  
60/20,137,11/10/2020  
601/13,113,11/19/2020  
601/19,678,11/5/2020  
603/19,99,11/25/2020  
603/20,431,11/12/2020  
604/20,298,11/7/2020  
605/09,450,11/16/2020  
606/19,1044,11/3/2020  
606/20,110,11/26/2020  
606/20,127,11/24/2020  
606/20,142,11/16/2020  
606/20,127,11/12/2020  
606/20,121,11/9/2020  
606/20,117,11/6/2020  
607/12,2072,11/4/2020  
607/18,529,11/4/2020  
607/18,204,11/2/2020  
607/20,86,11/25/2020  
607/20,95,11/18/2020  
607/20,94,11/12/2020  
607/20,89,11/9/2020  
607/20,88,11/6/2020  
607/20,91,11/2/2020  
608/15,854,11/10/2020  
608/18,663,11/4/2020  
609/20,448,11/16/2020  
610/19,184,11/12/2020  
611/17,337,11/16/2020  
611/19,572,11/10/2020  
613/20,372,11/25/2020  
614/17,76,11/15/2020  
614/19,1064,11/10/2020  
615/20,1086,11/4/2020  
616/16,716,11/4/2020  
617/11,184,11/22/2020  
617/19,145,12/1/2020  
617/19,134,11/10/2020  
617/19,154,11/3/2020  
618/18,89,11/30/2020  
618/18,83,11/27/2020  
618/18,97,11/27/2020  
618/18,86,11/23/2020  
618/18,93,11/16/2020  
618/18,103,11/13/2020  
618/18,102,11/10/2020  
618/18,94,11/6/2020  
618/18,89,11/2/2020  
618/188,118,11/23/2020  
619/16,388,11/26/2020  
62/15,78,11/15/2020  
62/20,185,11/3/2020  
621/14,293,11/16/2020  
622/15,982,11/3/2020  
622/17,728,11/6/2020  
623/20,168,11/25/2020  
625/16,904,11/2/2020  
626/01,90,11/16/2020  
627/20,563,11/13/2020  
629/01,598,11/15/2020  
629/06,147,11/12/2020  
629/12,393,11/2/2020  
629/16,166,11/3/2020  
629/20,98,11/19/2020  
63/20,629,11/23/2020  
630/17,794,11/18/2020  
630/18,135,11/19/2020  
631/12,110,11/22/2020  
633/11,180,11/5/2020  
633/20,1318,11/7/2020  
635/19,1150,11/2/2020  
635/20,89,11/24/2020  
635/20,100,11/16/2020  
635/20,102,11/13/2020  
635/20,103,11/10/2020  
635/20,101,11/2/2020  
637/18,686,11/6/2020  
638/17,254,11/10/2020  
638/19,78,11/15/2020  
638/20,94,11/24/2020  
639/19,1424,11/6/2020  
639/20,486,11/24/2020  
641/20,81,11/24/2020  
642/17,1001,11/2/2020  
642/19,103,11/24/2020  
644/19,76,11/15/2020  
644/20,538,11/14/2020  
646/19,1198,11/4/2020  
647/20,286,11/25/2020  
648/19,682,11/9/2020  
65/08,83,11/8/2020  
652/18,849,11/6/2020  
652/19,115,11/25/2020  
652/19,108,11/19/2020  
652/19,111,11/16/2020  
652/19,127,11/12/2020  
652/19,109,11/9/2020  
652/19,104,11/6/2020  
652/19,112,11/2/2020  
653/17,1110,11/18/2020  
653/20,94,11/22/2020  
654/19,293,11/25/2020  
655/13,154,11/17/2020  
658/15,506,11/24/2020  
658/19,77,11/5/2020  
659/01,242,11/24/2020  
659/01,240,11/11/2020  
659/20,237,11/11/2020  
660/19,250,11/26/2020  
6617/19,129,11/26/2020  
663/19,407,11/4/2020  
663/20,398,11/4/2020  
664/05,1037,11/3/2020  
664/19,247,11/14/2020  
664/19.,514,11/14/2020  
664/19..,252,11/14/2020  
665/19,968,11/13/2020  
666/13,803,11/3/2020  
666/19,1025,11/2/2020  
667/13,599,11/7/2020  
67/17,53,11/19/2020  
67/19,71,11/24/2020  
67/20,570,11/23/2020  
670/15,320,11/30/2020  
670/15,348,11/2/2020  
671/03,353,11/29/2020  
671/20,140,11/19/2020  
672/16,1220,11/4/2020  
675/17,73,11/8/2020  
677/20,745,11/5/2020  
680/18,132,11/15/2020  
680/20,80,11/10/2020  
680/20,88,11/4/2020  
681/18,289,11/25/2020  
681/18,448,11/22/2020  
681/18,191,11/17/2020  
681/18,188,11/9/2020  
681/19,1070,11/23/2020  
681/20,896,11/10/2020  
682/16,512,11/14/2020  
682/16.,308,11/14/2020  
682/17,329,11/25/2020  
683/08,85,11/6/2020  
684/18,110,11/12/2020  
686/19,407,11/11/2020  
686/19,3250,11/11/2020  
686/20,556,11/11/2020  
688/19,370,11/11/2020  
689/06,336,11/17/2020  
690/20,101,11/4/2020  
692/18,903,11/2/2020  
694/20,690,11/12/2020  
696/16,611,11/3/2020  
696/17,127,11/12/2020  
696/18,1490,11/4/2020  
697/16,91,11/8/2020  
698/16,1322,11/4/2020  
698/19,1676,11/3/2020  
699/10,77,11/17/2020  
70/00,127,11/22/2020  
70/12,40,11/30/2020  
70/12,47,11/10/2020  
703/18,672,11/4/2020  
703/20,155,11/30/2020  
703/20,174,11/27/2020  
703/20,193,11/24/2020  
703/20,192,11/16/2020  
703/20,192,11/13/2020  
703/20,200,11/9/2020  
703/20,189,11/6/2020  
703/20,203,11/5/2020  
705/04,117,11/3/2020  
706/15,796,11/27/2020  
707/10,823,12/1/2020  
707/10.,830,12/1/2020  
707/19,385,11/18/2020  
707/20,768,11/2/2020  
708/20,911,11/2/2020  
709/19,1338,11/25/2020  
709/20,357,11/24/2020  
71/17,716,11/24/2020  
710/16,1262,11/4/2020  
711/18,70,11/13/2020  
711/20,418,11/18/2020  
712/19,364,11/11/2020  
713/16,87,11/17/2020  
713/19,537,11/19/2020  
714/19,172,11/22/2020  
715/20,691,11/5/2020  
719/07,52,11/19/2020  
720/19,868,11/3/2020  
721/18,172,12/1/2020  
721/19,101,11/26/2020  
722/14,540,11/16/2020  
723/20,634,11/19/2020  
724/01,165,11/15/2020  
725/20,87,11/19/2020  
727/19,950,11/26/2020  
727/20,507,11/19/2020  
728/19,88,11/24/2020  
73/14,101,11/19/2020  
73/17,879,11/5/2020  
731/17,97,12/1/2020  
733/18,56,11/23/2020  
735/17,627,11/16/2020  
737/20,108,11/24/2020  
737/20,111,11/18/2020  
737/20,101,11/9/2020  
737/20,94,11/2/2020  
74/17,520,11/6/2020  
74/19,741,11/20/2020  
74/20,86,11/25/2020  
74/20,360,11/22/2020  
74/20,90,11/11/2020  
74/20,87,11/4/2020  
742/19,1125,11/3/2020  
743/18,1061,11/2/2020  
743/20,381,11/25/2020  
747/20,63,11/3/2020  
749/18,598,11/12/2020  
749/20,459,11/5/2020  
75/20,1228,11/11/2020  
750/15,596,11/6/2020  
750/16,80,11/6/2020  
750/19,67,11/30/2020  
750/19,66,11/2/2020  
753/19,1238,11/6/2020  
755/13,103,11/17/2020  
757/11,1080,11/4/2020  
757/18,501,11/24/2020  
757/20,629,11/26/2020  
758/20,613,11/23/2020  
758/20,737,11/13/2020  
758/20,543,11/4/2020  
759/19,1131,11/3/2020  
759/19,640,11/2/2020  
76/01,289,11/24/2020  
760/11,255,11/23/2020  
760/16,142,11/22/2020  
760/18,849,11/6/2020  
760/20,349,11/4/2020  
761/14,73,11/8/2020  
761/18,571,11/13/2020  
763/17,435,11/2/2020  
766/14,186,11/12/2020  
766/19,542,11/12/2020  
767/19,68,11/12/2020  
767/20,952,11/2/2020  
769/11,352,11/16/2020  
769/20,264,11/5/2020  
77/07,55,11/4/2020  
770/18,76,11/24/2020  
770/20,87,11/5/2020  
771/07,94,11/16/2020  
771/20,882,11/12/2020  
771/20,813,11/2/2020  
772/19,97,11/24/2020  
772/19,111,11/10/2020  
773/20,151,11/4/2020  
776/14,1220,11/9/2020  
776/18,593,11/2/2020  
778/19,906,11/5/2020  
779/17,928,11/3/2020  
78/18,792,11/24/2020  
780/19,173,11/10/2020  
780/20,825,12/1/2020  
781/19,129,11/24/2020  
781/19,130,11/9/2020  
781/19,156,11/2/2020  
782/18,162,12/1/2020  
783/20,105,11/30/2020  
783/20,94,11/27/2020  
783/20,96,11/27/2020  
783/20,106,11/24/2020  
783/20,114,11/23/2020  
783/20,98,11/16/2020  
783/20,81,11/13/2020  
783/20,105,11/10/2020  
785/20,1178,11/4/2020  
787/17,672,11/9/2020  
788/19,55,11/10/2020  
788/20,1596,11/6/2020  
791/18,721,11/2/2020  
791/20,236,11/8/2020  
792/15,189,11/12/2020  
792/20,453,11/11/2020  
793/06,470,11/2/2020  
794/16,682,11/2/2020  
795/12,130,11/19/2020  
795/18,480,11/21/2020  
795/20,263,11/11/2020  
796/11,695,11/10/2020  
796/20,346,11/24/2020  
796/20,446,11/12/2020  
797/19,894,11/10/2020  
800/02,173,11/24/2020  
800/10,115,11/26/2020  
802/17,1024,11/2/2020  
802/20,649,11/20/2020  
802/20,437,11/16/2020  
802/20,561,11/4/2020  
803/14,687,11/27/2020  
803/18,656,11/25/2020  
805/17,682,11/5/2020  
805/17,400,11/4/2020  
807/12,112,11/22/2020  
807/16,95,11/12/2020  
807/19,114,11/5/2020  
809/16,1227,11/4/2020  
809/19,1158,11/2/2020  
81/20,772,11/11/2020  
810/17,378,11/18/2020  
810/20,1248,11/9/2020  
811/10,223,11/16/2020  
811/18,752,11/3/2020  
811/20,1244,12/1/2020  
811/20,77,11/29/2020  
811/20,1064,11/2/2020  
813/08,572,11/13/2020  
813/15,430,11/4/2020  
817/20,497,11/18/2020  
817/20,274,11/13/2020  
819/04,46,11/3/2020  
821/19,746,11/6/2020  
822/19,651,11/4/2020  
823/15,127,11/17/2020  
825/19,548,11/5/2020  
825/19,709,11/4/2020  
825/20,564,11/18/2020  
826/17,85,11/6/2020  
826/19,102,11/24/2020  
826/19,100,11/16/2020  
826/19,94,11/13/2020  
826/19,95,11/10/2020  
826/19,98,11/2/2020  
826/20,159,11/19/2020  
827/12,606,11/24/2020  
827/12,518,11/10/2020  
827/19,1323,11/6/2020  
828/19,954,11/19/2020  
828/20,612,11/2/2020  
829/17,140,11/23/2020  
83/14,90,11/19/2020  
83/17,51,11/3/2020  
830/12,103,11/17/2020  
830/17,137,11/19/2020  
830/19,108,11/17/2020  
831/16,669,11/29/2020  
832/17,127,11/15/2020  
833/20,45,11/12/2020  
835/19,831,11/6/2020  
836/02,408,11/10/2020  
836/10,698,11/3/2020  
836/16,661,11/2/2020  
836/20,847,11/5/2020  
837/16,1207,11/2/2020  
837/20,455,11/19/2020  
838/16?,223,11/23/2020  
838/20,617,11/19/2020  
838/20,653,11/5/2020  
84/20,574,11/21/2020  
840/20,429,11/11/2020  
840/20,453,11/10/2020  
843/20,157,11/12/2020  
843/20,592,11/4/2020  
844/20,600,11/10/2020  
844/20,590,11/6/2020  
845/17,668,11/5/2020  
845/18,1044,11/4/2020  
846/14,89,11/5/2020  
846/18,127,11/12/2020  
847/20,955,11/21/2020  
848/20,327,11/24/2020  
849/16,100,11/22/2020  
849/16,94,11/3/2020  
849/19,112,11/26/2020  
85/19,1233,11/4/2020  
850/07,1471,11/3/2020  
850/18,1267,11/12/2020  
850/20,219,11/27/2020  
851/20,146,11/10/2020  
851/20,146,11/6/2020  
851/20,137,11/2/2020  
853/13,973,11/11/2020  
853/19,271,11/4/2020  
853/19,760,11/3/2020  
853/20,711,11/3/2020  
854/19,640,12/1/2020  
8546/07,606,11/6/2020  
856/19,830,11/5/2020  
856/19,865,11/5/2020  
861/20,549,11/11/2020  
862/20,535,11/25/2020  
863/15,953,11/4/2020  
863/16,832,11/2/2020  
867/18,135,11/26/2020  
87/17,621,11/4/2020  
870/18,856,11/5/2020  
870/18,843,11/5/2020  
870/20,560,11/17/2020  
870/20.,567,11/17/2020  
872/04,533,11/2/2020  
872/11,253,11/8/2020  
873/18,326,11/4/2020  
873/19,860,11/13/2020  
873/20,546,11/30/2020  
874/17,71,11/15/2020  
875/20,336,11/8/2020  
876/08,58,11/26/2020  
877/20,88,11/18/2020  
877/20,90,11/8/2020  
878/,687,11/30/2020  
878/04,354,11/16/2020  
878/17,595,11/11/2020  
878/20,69,12/1/2020  
878/20,636,11/2/2020  
879/20,44,11/3/2020  
88/14,125,11/17/2020  
882/16,919,11/10/2020  
882/20,330,11/17/2020  
883/15,819,11/13/2020  
884/02,473,11/10/2020  
884/14,70,11/8/2020  
884/19,769,11/3/2020  
885/18,1081,11/4/2020  
885/20,762,11/12/2020  
887/14,731,11/18/2020  
887/20,474,11/4/2020  
889/12,98,11/24/2020  
89/16,110,11/8/2020  
890/20,641,11/18/2020  
891/18,698,11/2/2020  
892/13,259,11/9/2020  
893/05,305,11/5/2020  
895/20,386,12/1/2020  
897/11,142,11/16/2020  
897/18,901,11/6/2020  
899/09,306,11/19/2020  
900/20,83,11/5/2020  
901/11,94,11/8/2020  
901/16,617,11/24/2020  
901/20,640,11/4/2020  
902/16,155,11/29/2020  
902/20,289,11/5/2020  
903/17,479,11/15/2020  
907/19,98,11/12/2020  
907/20,381,11/11/2020  
908/18,613,11/5/2020  
909/19,95,11/30/2020  
909/19,99,11/27/2020  
909/19,143,11/27/2020  
909/19,99,11/23/2020  
909/19,122,11/13/2020  
91/08,371,11/24/2020  
91/17,62,11/6/2020  
91/17,425,11/5/2020  
910/18,248,11/2/2020  
910/20,771,11/11/2020  
915/16,1074,11/4/2020  
916/15,664,11/8/2020  
917/17,91,11/24/2020  
917/19,363,11/4/2020  
918/20,443,11/4/2020  
919/20,827,12/1/2020  
92/17,633,11/12/2020  
92/19,766,11/2/2020  
920/19,873,11/3/2020  
926/14,126,11/22/2020  
926/20,295,11/4/2020  
927/19,126,11/6/2020  
927/20,168,11/30/2020  
927/20,182,11/24/2020  
927/20,156,11/21/2020  
927/20,203,11/9/2020  
927/20,191,11/6/2020  
928/20,470,11/30/2020  
928/20,506,11/2/2020  
929/19.,795,11/2/2020  
93/08,61,11/23/2020  
93/17,346,11/25/2020  
932/18,100,11/16/2020  
932/19,143,11/4/2020  
933/03,368,11/7/2020  
933/19,65,11/17/2020  
933/19,82,11/16/2020  
934/20,78,11/26/2020  
935/13,211,11/16/2020  
935/13,65,11/6/2020  
935/13.,61,11/16/2020  
935/20,47,11/9/2020  
936/16,865,11/4/2020  
937/17,241,11/25/2020  
938/19,468,11/6/2020  
939/13,415,11/16/2020  
940/14,403,11/22/2020  
944/15,433,11/5/2020  
944/20,255,11/5/2020  
945/19,1457,11/3/2020  
945/20,1149,11/9/2020  
946/20,119,11/3/2020  
947/16,128,11/10/2020  
948/15,99,11/17/2020  
949/20,248,11/9/2020  
95/18,419,11/3/2020  
95/20,1000,11/13/2020  
950/20,778,11/4/2020  
951/14,138,11/26/2020  
951/14,140,11/8/2020  
951/20,100,11/5/2020  
952/20,513,11/10/2020  
957/17,64,11/19/2020  
958/16,630,11/4/2020  
959/18,461,11/6/2020  
959/18,868,11/4/2020  
959/18,782,11/2/2020  
959/19,980,11/2/2020  
959/20,618,11/3/2020  
96/08,632,11/2/2020  
96/19,100,11/16/2020  
963/13,910,11/3/2020  
963/18,118,11/2/2020  
963/20,936,11/5/2020  
964/20,468,11/17/2020  
965/19,566,11/29/2020  
966/20,105,11/30/2020  
966/20,104,11/27/2020  
966/20,101,11/24/2020  
966/20,98,11/16/2020  
966/20,94,11/13/2020  
966/20,98,11/10/2020  
966/20,94,11/3/2020  
966/20,98,11/2/2020  
968/19,113,11/3/2020  
969/18,986,11/3/2020  
969/20,292,11/12/2020  
969/20,330,11/2/2020  
971/17,94,11/8/2020  
971/19,1567,11/2/2020  
972/19,304,11/23/2020  
972/20,276,12/1/2020  
974/19,591,12/1/2020  
975/12,114,12/1/2020  
975/12,135,11/3/2020  
975/18,726,11/26/2020  
976/20,126,11/11/2020  
978/18,45,11/18/2020  
978/20,373,11/4/2020  
979/03,420,11/16/2020  
98/10,92,11/27/2020  
98/20,1463,11/26/2020  
980/12,55,11/24/2020  
980/19,695,11/5/2020  
981/13,529,12/1/2020  
981/13,615,11/3/2020  
983/20,92,11/18/2020  
983/20,91,11/11/2020  
984/20,635,12/1/2020  
984/20,517,11/5/2020  
985/12,90,11/22/2020  
985/20,99,11/30/2020  
985/20,96,11/27/2020  
985/20,98,11/23/2020  
985/20,95,11/16/2020  
985/20,94,11/13/2020  
985/20,109,11/9/2020  
985/20,111,11/5/2020  
986/15,904,11/5/2020  
986/19,632,11/5/2020  
988/20,53,11/19/2020  
989/18,1351,11/3/2020  
990/17,658,11/20/2020  
991/20,54,11/10/2020  
992/13,118,11/4/2020  
992/20,97,11/30/2020  
992/20,144,11/16/2020  
993/18,1068,11/6/2020  
994/20,397,11/20/2020  
996/19,43,11/5/2020  
996/20,397,11/15/2020  
996/20,502,11/11/2020  
997/20,87,11/11/2020  
998/19,194,11/10/2020  
999/18,118,11/22/2020  
999/18,108,11/3/2020  
999/20,350,11/18/2020  
